"Tanggal Opname","Nama Outlet","Petugas Penginput","Role Petugas","Waktu Input","Status Opname","Nama Bahan Baku","Kategori","Satuan Standar","Qty Fisik (Desimal)","Qty Fisik (Multi-Satuan)","Qty Sistem (Desimal)","Qty Sistem (Multi-Satuan)","Selisih (Desimal)","Selisih (Multi-Satuan)","Catatan"
"2026-07-31","SUKA SHAWARMA JATIASIH","Sayid","leader","31/7/2026, 00.13.32","finalized","AYAM","item core","Kg","21","21 Kg","24.272","24 Kg + 272 Gram","-3.272","-3 Kg + 272 Gram",""
"2026-07-31","SUKA SHAWARMA JATIASIH","Sayid","leader","31/7/2026, 00.13.32","finalized","BAWANG","bumbu","Bal","0.04755","951 Gram","0.04755","951 Gram","0","0 Bal",""
"2026-07-31","SUKA SHAWARMA JATIASIH","Sayid","leader","31/7/2026, 00.13.32","finalized","Cling Wrap","Lain-lain","Dus","0","0 Dus","0","0 Dus","0","0 Dus",""
"2026-07-31","SUKA SHAWARMA JATIASIH","Sayid","leader","31/7/2026, 00.13.32","finalized","CUP","kemasan","Pack","0","0 Pack","0","0 Pack","0","0 Pack",""
"2026-07-31","SUKA SHAWARMA JATIASIH","Sayid","leader","31/7/2026, 00.13.32","finalized","DUS PACKING","kemasan","Pack","0","0 Pack","0","0 Pack","0","0 Pack",""
"2026-07-31","SUKA SHAWARMA JATIASIH","Sayid","leader","31/7/2026, 00.13.32","finalized","ES BATU","minuman","Bal","0","0 Bal","0","0 Bal","0","0 Bal",""
"2026-07-31","SUKA SHAWARMA JATIASIH","Sayid","leader","31/7/2026, 00.13.32","finalized","FOIL","kemasan","Dus","2.650219298245614","2 Dus + 15.61 Roll","2.5416666666666665","2 Dus + 13 Roll","0.1085526315789475","+2.61 Roll",""
"2026-07-31","SUKA SHAWARMA JATIASIH","Sayid","leader","31/7/2026, 00.13.32","finalized","GAS 3Kg","item core","tabung","1.6666666666666667","1 tabung + 2000 gram","1","1 tabung","0.6666666666666667","+2000 gram",""
"2026-07-31","SUKA SHAWARMA JATIASIH","Sayid","leader","31/7/2026, 00.13.32","finalized","KEJU","item core","Dus","0.4625","11 Pack + 1 Lembar","0.4958333333333333","11 Pack + 9 Lembar","-0.0333333333333333","-8 Lembar",""
"2026-07-31","SUKA SHAWARMA JATIASIH","Sayid","leader","31/7/2026, 00.13.32","finalized","KENTANG","item core","Dus","3.06525","3 Dus + 652.5 Gram","6.875","6 Dus + 8 Kg + 750 Gram","-3.80975","-3 Dus + 8 Kg + 97.5 Gram",""
"2026-07-31","SUKA SHAWARMA JATIASIH","Sayid","leader","31/7/2026, 00.13.32","finalized","KERTAS STRUK","kemasan","pack","6.3","6 pack + 3 Roll","6.3","6 pack + 3 Roll","0","0 pack",""
"2026-07-31","SUKA SHAWARMA JATIASIH","Sayid","leader","31/7/2026, 00.13.32","finalized","KULIT 25","item core","Pack","14.9","14 Pack + 18 Lembar","17.7","17 Pack + 14 Lembar","-2.8","-2 Pack + 16 Lembar",""
"2026-07-31","SUKA SHAWARMA JATIASIH","Sayid","leader","31/7/2026, 00.13.32","finalized","KULIT 28","item core","Pack","13.8","13 Pack + 16 Lembar","14.7","14 Pack + 14 Lembar","-0.9","-18 Lembar",""
"2026-07-31","SUKA SHAWARMA JATIASIH","Sayid","leader","31/7/2026, 00.13.32","finalized","KULIT 32","item core","Pack","13.55","13 Pack + 11 Lembar","14.75","14 Pack + 15 Lembar","-1.2","-1 Pack + 4 Lembar",""
"2026-07-31","SUKA SHAWARMA JATIASIH","Sayid","leader","31/7/2026, 00.13.32","finalized","LETTUCE","item core","kg","4.731","4 kg + 731 gram","7","7 kg","-2.269","-2 kg + 269 gram",""
"2026-07-31","SUKA SHAWARMA JATIASIH","Sayid","leader","31/7/2026, 00.13.32","finalized","MAYONES","item core","Dus","0.75","9 Kg","1.0833333333333333","1 Dus + 1 Kg","-0.3333333333333333","-4 Kg",""
"2026-07-31","SUKA SHAWARMA JATIASIH","Sayid","leader","31/7/2026, 00.13.32","finalized","MIE","lainnya","Dus","0","0 Dus","0","0 Dus","0","0 Dus",""
"2026-07-31","SUKA SHAWARMA JATIASIH","Sayid","leader","31/7/2026, 00.13.32","finalized","MINYAK","item core","kompan","0.4444444444444444","7 Kg + 111.11 Gram","0.3333333333333333","5 Kg + 333.33 Gram","0.1111111111111111","+1 Kg + 777.78 Gram",""
"2026-07-31","SUKA SHAWARMA JATIASIH","Sayid","leader","31/7/2026, 00.13.32","finalized","PAPER WRAP","kemasan","Ikat","3.366","3 Ikat + 3 Pack + 330 Lembar","3.446","3 Ikat + 4 Pack + 230 Lembar","-0.08","-400 Lembar",""
"2026-07-31","SUKA SHAWARMA JATIASIH","Sayid","leader","31/7/2026, 00.13.32","finalized","PLASTIK BESAR","kemasan","Ikat","3.176","3 Ikat + 44 Lembar","3.632","3 Ikat + 3 Pack + 8 Lembar","-0.456","-2 Pack + 14 Lembar",""
"2026-07-31","SUKA SHAWARMA JATIASIH","Sayid","leader","31/7/2026, 00.13.32","finalized","PLASTIK KECIL","kemasan","Ikat","0","0 Ikat","0","0 Ikat","0","0 Ikat",""
"2026-07-31","SUKA SHAWARMA JATIASIH","Sayid","leader","31/7/2026, 00.13.32","finalized","PLASTIK MERAH","kemasan","Ikat","0.24","1 Pack + 4 Lembar","0.24","1 Pack + 4 Lembar","0","0 Ikat",""
"2026-07-31","SUKA SHAWARMA JATIASIH","Sayid","leader","31/7/2026, 00.13.32","finalized","PLASTIK VACUM","kemasan","Dus","0","0 Dus","0","0 Dus","0","0 Dus",""
"2026-07-31","SUKA SHAWARMA JATIASIH","Sayid","leader","31/7/2026, 00.13.32","finalized","POLYBAG","kemasan","Ikat","0.52","2 Pack + 3 Lembar","0.72","3 Pack + 3 Lembar","-0.2","-1 Pack",""
"2026-07-31","SUKA SHAWARMA JATIASIH","Sayid","leader","31/7/2026, 00.13.32","finalized","POWDER JERUK","minuman","Kg","0","0 Kg","0","0 Kg","0","0 Kg",""
"2026-07-31","SUKA SHAWARMA JATIASIH","Sayid","leader","31/7/2026, 00.13.32","finalized","POWDER TEH","minuman","Kg","0","0 Kg","0","0 Kg","0","0 Kg",""
"2026-07-31","SUKA SHAWARMA JATIASIH","Sayid","leader","31/7/2026, 00.13.32","finalized","SABUN","lainnya","pcs","0","0 pcs","0","0 pcs","0","0 pcs",""
"2026-07-31","SUKA SHAWARMA JATIASIH","Sayid","leader","31/7/2026, 00.13.32","finalized","SAOS CABE","item core","Dus","1.3667272727272726","1 Dus + 1 Kompan + 551 Gram","1.223030303030303","1 Dus + 3680 Gram","0.1436969696969696","+2371 Gram",""
"2026-07-31","SUKA SHAWARMA JATIASIH","Sayid","leader","31/7/2026, 00.13.32","finalized","SAOS SAMYANG","bumbu","Dus","0.0875","437.5 Gram","0.0875","437.5 Gram","0","0 Dus",""
"2026-07-31","SUKA SHAWARMA JATIASIH","Sayid","leader","31/7/2026, 00.13.32","finalized","SAOS TOMAT","item core","Dus","0.9696969696969697","11 Kg + 10500 Gram","0.9696969696969697","11 Kg + 10500 Gram","0","0 Dus",""
"2026-07-31","SUKA SHAWARMA JATIASIH","Sayid","leader","31/7/2026, 00.13.32","finalized","SAPI","item core","Blok","13.556","13 Blok + 1 Kg + 112 Gram","18.004","18 Blok + 8 Gram","-4.448","-4 Blok + 896 Gram",""
"2026-07-31","SUKA SHAWARMA JATIASIH","Sayid","leader","31/7/2026, 00.13.32","finalized","SARUNG TANGAN BENING","kemasan","pack","7.51","7 pack + 0.51 Lembar","7.9","7 pack + 0.9 Lembar","-0.39","-0.39 Lembar",""
"2026-07-31","SUKA SHAWARMA JATIASIH","Sayid","leader","31/7/2026, 00.13.32","finalized","SEDOTAN","minuman","pack","0","0 pack","0","0 pack","0","0 pack",""
"2026-07-31","SUKA SHAWARMA JATIASIH","Sayid","leader","31/7/2026, 00.13.32","finalized","STIKER","kemasan","Lembar","0","0 Lembar","0","0 Lembar","0","0 Lembar",""
"2026-07-31","SUKA SHAWARMA JATIASIH","Sayid","leader","31/7/2026, 00.13.32","finalized","TEPUNG","bumbu","Kg","0.393","393 Gram","1.022","1 Kg + 22 Gram","-0.629","-629 Gram",""
"2026-07-31","SUKA SHAWARMA JATIASIH","Sayid","leader","31/7/2026, 00.13.32","finalized","TUM","item core","Kg","2.021","2 Kg + 21 Gram","1.7890000000000001","1 Kg + 789 Gram","0.2319999999999999","+232 Gram",""
"2026-07-31","SUKA SHAWARMA JATIASIH","Sayid","leader","31/7/2026, 00.13.32","finalized","TUTUP","minuman","Pack","0","0 Pack","0","0 Pack","0","0 Pack",""
"2026-07-31","GUDANG PUSAT (HQ)","Admin Kitchen","kitchen","31/7/2026, 17.45.22","finalized","AYAM","item core","Kg","448","448 Kg","464","464 Kg","-16","-16 Kg",""
"2026-07-31","GUDANG PUSAT (HQ)","Admin Kitchen","kitchen","31/7/2026, 17.45.22","finalized","BAWANG","bumbu","Bal","0.5","10 Kg","0.55","11 Kg","-0.05","-1 Kg",""
"2026-07-31","GUDANG PUSAT (HQ)","Admin Kitchen","kitchen","31/7/2026, 17.45.22","finalized","Cling Wrap","Lain-lain","Dus","4","4 Dus","4.95","4 Dus + 22.8 Roll","-0.95","-22.8 Roll",""
"2026-07-31","GUDANG PUSAT (HQ)","Admin Kitchen","kitchen","31/7/2026, 17.45.22","finalized","CUP","kemasan","Pack","50","50 Pack","40","40 Pack","10","+10 Pack",""
"2026-07-31","GUDANG PUSAT (HQ)","Admin Kitchen","kitchen","31/7/2026, 17.45.22","finalized","DUS PACKING","kemasan","Pack","41","41 Pack","10453","41 Pack + 203 Pcs","-10412","-41 Pack + 162 Pcs",""
"2026-07-31","GUDANG PUSAT (HQ)","Admin Kitchen","kitchen","31/7/2026, 17.45.22","finalized","ES BATU","minuman","Bal","1","1 Bal","2","2 Bal","-1","-1 Bal",""
"2026-07-31","GUDANG PUSAT (HQ)","Admin Kitchen","kitchen","31/7/2026, 17.45.22","finalized","FOIL","kemasan","Dus","11.791666666666666","11 Dus + 19 Roll","11.816831140350878","11 Dus + 19.6 Roll","-0.025164473684212","-0.6 Roll",""
"2026-07-31","GUDANG PUSAT (HQ)","Admin Kitchen","kitchen","31/7/2026, 17.45.22","finalized","GARAM","bumbu","Bal","1","1 Bal","1","1 Bal","0","0 Bal",""
"2026-07-31","GUDANG PUSAT (HQ)","Admin Kitchen","kitchen","31/7/2026, 17.45.22","finalized","GAS 3Kg","item core","tabung","7","7 tabung","11","11 tabung","-4","-4 tabung",""
"2026-07-31","GUDANG PUSAT (HQ)","Admin Kitchen","kitchen","31/7/2026, 17.45.22","finalized","KEJU","item core","Dus","30.083333333333332","30 Dus + 2 Pack","30.083333333333332","30 Dus + 2 Pack","0","0 Dus",""
"2026-07-31","GUDANG PUSAT (HQ)","Admin Kitchen","kitchen","31/7/2026, 17.45.22","finalized","KENTANG","item core","Dus","97.5","97 Dus + 5 Kg","130.5","130 Dus + 5 Kg","-33","-33 Dus",""
"2026-07-31","GUDANG PUSAT (HQ)","Admin Kitchen","kitchen","31/7/2026, 17.45.22","finalized","KERTAS STRUK","kemasan","pack","35","35 pack","35","35 pack","0","0 pack",""
"2026-07-31","GUDANG PUSAT (HQ)","Admin Kitchen","kitchen","31/7/2026, 17.45.22","finalized","KULIT 25","item core","Pack","50","50 Pack","93","93 Pack","-43","-43 Pack",""
"2026-07-31","GUDANG PUSAT (HQ)","Admin Kitchen","kitchen","31/7/2026, 17.45.22","finalized","KULIT 28","item core","Pack","462","23 Pack + 2 Lembar","485","24 Pack + 5 Lembar","-23","-23 Pack",""
"2026-07-31","GUDANG PUSAT (HQ)","Admin Kitchen","kitchen","31/7/2026, 17.45.22","finalized","KULIT 32","item core","Pack","173","8 Pack + 13 Lembar","176","8 Pack + 16 Lembar","-3","-3 Pack",""
"2026-07-31","GUDANG PUSAT (HQ)","Admin Kitchen","kitchen","31/7/2026, 17.45.22","finalized","LETTUCE","item core","kg","0","0 kg","0","0 kg","0","0 kg",""
"2026-07-31","GUDANG PUSAT (HQ)","Admin Kitchen","kitchen","31/7/2026, 17.45.22","finalized","MAYONES","item core","Dus","27","27 Dus","27.000000000000004","27 Dus","-4e-15","0 Dus",""
"2026-07-31","GUDANG PUSAT (HQ)","Admin Kitchen","kitchen","31/7/2026, 17.45.22","finalized","MIE","lainnya","Dus","0","0 Dus","0","0 Dus","0","0 Dus",""
"2026-07-31","GUDANG PUSAT (HQ)","Admin Kitchen","kitchen","31/7/2026, 17.45.22","finalized","MINYAK","item core","kompan","4","4 kompan","4","4 kompan","0","0 kompan",""
"2026-07-31","GUDANG PUSAT (HQ)","Admin Kitchen","kitchen","31/7/2026, 17.45.22","finalized","PAPER WRAP","kemasan","Ikat","28","28 Ikat","29","29 Ikat","-1","-1 Ikat",""
"2026-07-31","GUDANG PUSAT (HQ)","Admin Kitchen","kitchen","31/7/2026, 17.45.22","finalized","PLASTIK BESAR","kemasan","Ikat","116","116 Ikat","8.2","8 Ikat + 1 Pack","107.8","+107 Ikat + 4 Pack",""
"2026-07-31","GUDANG PUSAT (HQ)","Admin Kitchen","kitchen","31/7/2026, 17.45.22","finalized","PLASTIK KECIL","kemasan","Ikat","0","0 Ikat","0","0 Ikat","0","0 Ikat",""
"2026-07-31","GUDANG PUSAT (HQ)","Admin Kitchen","kitchen","31/7/2026, 17.45.22","finalized","PLASTIK MERAH","kemasan","Ikat","0.2","1 Pack","0.6","3 Pack","-0.4","-2 Pack",""
"2026-07-31","GUDANG PUSAT (HQ)","Admin Kitchen","kitchen","31/7/2026, 17.45.22","finalized","PLASTIK VACUM","kemasan","Dus","2.75","2 Dus + 15 Pack","45","45 Dus","-42.25","-42 Dus + 5 Pack",""
"2026-07-31","GUDANG PUSAT (HQ)","Admin Kitchen","kitchen","31/7/2026, 17.45.22","finalized","PLASTIK VACUUM JUMBO","Lain-lain","Dus","0","0 Dus","0","0 Dus","0","0 Dus",""
"2026-07-31","GUDANG PUSAT (HQ)","Admin Kitchen","kitchen","31/7/2026, 17.45.22","finalized","POLYBAG","kemasan","Ikat","8.6","8 Ikat + 3 Pack","49","49 Ikat","-40.4","-40 Ikat + 2 Pack",""
"2026-07-31","GUDANG PUSAT (HQ)","Admin Kitchen","kitchen","31/7/2026, 17.45.22","finalized","POWDER JERUK","minuman","Kg","18","18 Kg","21","21 Kg","-3","-3 Kg",""
"2026-07-31","GUDANG PUSAT (HQ)","Admin Kitchen","kitchen","31/7/2026, 17.45.22","finalized","POWDER TEH","minuman","Kg","21","21 Kg","21","21 Kg","0","0 Kg",""
"2026-07-31","GUDANG PUSAT (HQ)","Admin Kitchen","kitchen","31/7/2026, 17.45.22","finalized","SABUN","lainnya","pcs","0","0 pcs","0","0 pcs","0","0 pcs",""
"2026-07-31","GUDANG PUSAT (HQ)","Admin Kitchen","kitchen","31/7/2026, 17.45.22","finalized","SAOS CABE","item core","Dus","48","48 Dus","48.333333333333336","48 Dus + 1 Kompan","-0.333333333333336","-1 Kompan",""
"2026-07-31","GUDANG PUSAT (HQ)","Admin Kitchen","kitchen","31/7/2026, 17.45.22","finalized","SAOS CABE POUCH","item core","Dus","0","0 Dus","0","0 Dus","0","0 Dus",""
"2026-07-31","GUDANG PUSAT (HQ)","Admin Kitchen","kitchen","31/7/2026, 17.45.22","finalized","SAOS SAMYANG","bumbu","Dus","4","4 Dus","4.6548","4 Dus + 3 Kg + 274 Gram","-0.6548","-3 Kg + 274 Gram",""
"2026-07-31","GUDANG PUSAT (HQ)","Admin Kitchen","kitchen","31/7/2026, 17.45.22","finalized","SAOS TOMAT","item core","Dus","0","0 Dus","4.181818181818182","4 Dus + 2 Kg + 3000 Gram","-4.181818181818182","-4 Dus + 2 Kg + 3000 Gram",""
"2026-07-31","GUDANG PUSAT (HQ)","Admin Kitchen","kitchen","31/7/2026, 17.45.22","finalized","SAOS TOMAT POUCH","item core","Dus","15","15 Dus","0","0 Dus","15","+15 Dus",""
"2026-07-31","GUDANG PUSAT (HQ)","Admin Kitchen","kitchen","31/7/2026, 17.45.22","finalized","SAPI","item core","Blok","21","21 Blok","21","21 Blok","0","0 Blok",""
"2026-07-31","GUDANG PUSAT (HQ)","Admin Kitchen","kitchen","31/7/2026, 17.45.22","finalized","SARUNG TANGAN BENING","kemasan","pack","380","380 pack","410","410 pack","-30","-30 pack",""
"2026-07-31","GUDANG PUSAT (HQ)","Admin Kitchen","kitchen","31/7/2026, 17.45.22","finalized","SASA","bumbu","Dus","13","13 Dus","19","19 Dus","-6","-6 Dus",""
"2026-07-31","GUDANG PUSAT (HQ)","Admin Kitchen","kitchen","31/7/2026, 17.45.22","finalized","SEDOTAN","minuman","pack","3","3 pack","3","3 pack","0","0 pack",""
"2026-07-31","GUDANG PUSAT (HQ)","Admin Kitchen","kitchen","31/7/2026, 17.45.22","finalized","STIKER","kemasan","Lembar","0","0 Lembar","0","0 Lembar","0","0 Lembar",""
"2026-07-31","GUDANG PUSAT (HQ)","Admin Kitchen","kitchen","31/7/2026, 17.45.22","finalized","TEPUNG","bumbu","Kg","22","22 Kg","22","22 Kg","0","0 Kg",""
"2026-07-31","GUDANG PUSAT (HQ)","Admin Kitchen","kitchen","31/7/2026, 17.45.22","finalized","TUM","item core","Kg","11.475","11 Kg + 475 Gram","7","7 Kg","4.475","+4 Kg + 475 Gram",""
"2026-07-31","GUDANG PUSAT (HQ)","Admin Kitchen","kitchen","31/7/2026, 17.45.22","finalized","TUTUP","minuman","Pack","25","25 Pack","40","40 Pack","-15","-15 Pack",""
"2026-07-31","SUKA SHAWARMA CIRENDEU","Iqbal","leader","31/7/2026, 21.14.20","finalized","AYAM","item core","Kg","26","26 Kg","36.702","36 Kg + 702 Gram","-10.702","-10 Kg + 702 Gram",""
"2026-07-31","SUKA SHAWARMA CIRENDEU","Iqbal","leader","31/7/2026, 21.14.20","finalized","BAWANG","bumbu","Bal","0.1701","3 Kg + 402 Gram","0.05","1 Kg","0.1201","+2 Kg + 402 Gram",""
"2026-07-31","SUKA SHAWARMA CIRENDEU","Iqbal","leader","31/7/2026, 21.14.20","finalized","Cling Wrap","Lain-lain","Dus","0.1","2.4 Roll","0","0 Dus","0.1","+2.4 Roll",""
"2026-07-31","SUKA SHAWARMA CIRENDEU","Iqbal","leader","31/7/2026, 21.14.20","finalized","CUP","kemasan","Pack","14","14 Pack","2.08","2 Pack + 2 Pcs","11.92","+11 Pack + 23 Pcs",""
"2026-07-31","SUKA SHAWARMA CIRENDEU","Iqbal","leader","31/7/2026, 21.14.20","finalized","DUS PACKING","kemasan","Pack","0","0 Pack","0","0 Pack","0","0 Pack",""
"2026-07-31","SUKA SHAWARMA CIRENDEU","Iqbal","leader","31/7/2026, 21.14.20","finalized","ES BATU","minuman","Bal","0","0 Bal","0","0 Bal","0","0 Bal",""
"2026-07-31","SUKA SHAWARMA CIRENDEU","Iqbal","leader","31/7/2026, 21.14.20","finalized","FOIL","kemasan","Dus","2.2083333333333335","2 Dus + 5 Roll","2.6705043859649122","2 Dus + 16.09 Roll","-0.4621710526315787","-11.09 Roll",""
"2026-07-31","SUKA SHAWARMA CIRENDEU","Iqbal","leader","31/7/2026, 21.14.20","finalized","GAS 3Kg","item core","tabung","10.001496","10 tabung + 4.49 gram","0.026999999999999965","81 gram","9.974496","+9 tabung + 2923.49 gram",""
"2026-07-31","SUKA SHAWARMA CIRENDEU","Iqbal","leader","31/7/2026, 21.14.20","finalized","KEJU","item core","Dus","0.42916666666666664","10 Pack + 3 Lembar","0.35833333333333334","8 Pack + 6 Lembar","0.0708333333333333","+1 Pack + 7 Lembar",""
"2026-07-31","SUKA SHAWARMA CIRENDEU","Iqbal","leader","31/7/2026, 21.14.20","finalized","KENTANG","item core","Dus","14.625","14 Dus + 6 Kg + 250 Gram","3.8315","3 Dus + 8 Kg + 315 Gram","10.7935","+10 Dus + 7 Kg + 935 Gram",""
"2026-07-31","SUKA SHAWARMA CIRENDEU","Iqbal","leader","31/7/2026, 21.14.20","finalized","KERTAS STRUK","kemasan","pack","6.2","6 pack + 2 Roll","6.4","6 pack + 4 Roll","-0.2","-2 Roll",""
"2026-07-31","SUKA SHAWARMA CIRENDEU","Iqbal","leader","31/7/2026, 21.14.20","finalized","KULIT 25","item core","Pack","21.95","21 Pack + 19 Lembar","14.45","14 Pack + 9 Lembar","7.5","+7 Pack + 10 Lembar",""
"2026-07-31","SUKA SHAWARMA CIRENDEU","Iqbal","leader","31/7/2026, 21.14.20","finalized","KULIT 28","item core","Pack","15","15 Pack","23.9","23 Pack + 18 Lembar","-8.9","-8 Pack + 18 Lembar",""
"2026-07-31","SUKA SHAWARMA CIRENDEU","Iqbal","leader","31/7/2026, 21.14.20","finalized","KULIT 32","item core","Pack","13.75","13 Pack + 15 Lembar","14.4","14 Pack + 8 Lembar","-0.65","-13 Lembar",""
"2026-07-31","SUKA SHAWARMA CIRENDEU","Iqbal","leader","31/7/2026, 21.14.20","finalized","LETTUCE","item core","kg","7","7 kg","-0.79","-790 gram","7.79","+7 kg + 790 gram",""
"2026-07-31","SUKA SHAWARMA CIRENDEU","Iqbal","leader","31/7/2026, 21.14.20","finalized","MIE","lainnya","Dus","0","0 Dus","-0.05","-2 Bungkus","0.05","+2 Bungkus",""
"2026-07-31","SUKA SHAWARMA CIRENDEU","Iqbal","leader","31/7/2026, 21.14.20","finalized","MINYAK","item core","kompan","1","1 kompan","0.9019444444444444","14 Kg + 431.11 Gram","0.0980555555555556","+1 Kg + 568.89 Gram",""
"2026-07-31","SUKA SHAWARMA CIRENDEU","Iqbal","leader","31/7/2026, 21.14.20","finalized","PAPER WRAP","kemasan","Ikat","1","1 Ikat","0.94","9 Pack + 200 Lembar","0.06","+300 Lembar",""
"2026-07-31","SUKA SHAWARMA CIRENDEU","Iqbal","leader","31/7/2026, 21.14.20","finalized","PLASTIK BESAR","kemasan","Ikat","0.36","1 Pack + 40 Lembar","0","0 Ikat","0.36","+1 Pack + 40 Lembar",""
"2026-07-31","SUKA SHAWARMA CIRENDEU","Iqbal","leader","31/7/2026, 21.14.20","finalized","PLASTIK KECIL","kemasan","Ikat","4.6","4 Ikat + 3 Pack","7.4","7 Ikat + 2 Pack","-2.8","-2 Ikat + 4 Pack",""
"2026-07-31","SUKA SHAWARMA CIRENDEU","Iqbal","leader","31/7/2026, 21.14.20","finalized","PLASTIK MERAH","kemasan","Ikat","0.44","2 Pack + 4 Lembar","-0.3","-1 Pack + 10 Lembar","0.74","+3 Pack + 14 Lembar",""
"2026-07-31","SUKA SHAWARMA CIRENDEU","Iqbal","leader","31/7/2026, 21.14.20","finalized","PLASTIK VACUM","kemasan","Dus","0","0 Dus","2","2 Dus","-2","-2 Dus",""
"2026-07-31","SUKA SHAWARMA CIRENDEU","Iqbal","leader","31/7/2026, 21.14.20","finalized","PLASTIK VACUUM JUMBO","Lain-lain","Dus","0","0 Dus","0","0 Dus","0","0 Dus",""
"2026-07-31","SUKA SHAWARMA CIRENDEU","Iqbal","leader","31/7/2026, 21.14.20","finalized","POLYBAG","kemasan","Ikat","0.6","3 Pack","0.4","2 Pack","0.2","+1 Pack",""
"2026-07-31","SUKA SHAWARMA CIRENDEU","Iqbal","leader","31/7/2026, 21.14.20","finalized","POWDER JERUK","minuman","Kg","0.92","920 Gram","1.1","1 Kg + 100 Gram","-0.18","-180 Gram",""
"2026-07-31","SUKA SHAWARMA CIRENDEU","Iqbal","leader","31/7/2026, 21.14.20","finalized","POWDER TEH","minuman","Kg","0.92","920 Gram","1.1","1 Kg + 100 Gram","-0.18","-180 Gram",""
"2026-07-31","SUKA SHAWARMA CIRENDEU","Iqbal","leader","31/7/2026, 21.14.20","finalized","SABUN","lainnya","pcs","1","1 pcs","0","0 pcs","1","+1 pcs",""
"2026-07-31","SUKA SHAWARMA CIRENDEU","Iqbal","leader","31/7/2026, 21.14.20","finalized","SAOS CABE","item core","Dus","0.30503030303030304","5033 Gram","0.2133333333333334","3520 Gram","0.09169696969696964","+1513 Gram",""
"2026-07-31","SUKA SHAWARMA CIRENDEU","Iqbal","leader","31/7/2026, 21.14.20","finalized","SAOS CABE POUCH","item core","Dus","0","0 Dus","0","0 Dus","0","0 Dus",""
"2026-07-31","SUKA SHAWARMA CIRENDEU","Iqbal","leader","31/7/2026, 21.14.20","finalized","SAOS SAMYANG","bumbu","Dus","0.5001249999999999","2 Kg + 500.62 Gram","0.5625","2 Kg + 812.5 Gram","-0.0623750000000001","-311.88 Gram",""
"2026-07-31","SUKA SHAWARMA CIRENDEU","Iqbal","leader","31/7/2026, 21.14.20","finalized","SAOS TOMAT","item core","Dus","0.24242424242424243","2 Kg + 15000 Gram","0.5733333333333334","6 Kg + 14520 Gram","-0.330909090909091","-3 Kg + 16020 Gram",""
"2026-07-31","SUKA SHAWARMA CIRENDEU","Iqbal","leader","31/7/2026, 21.14.20","finalized","SAPI","item core","Blok","2.004","2 Blok + 8 Gram","1.8375","1 Blok + 1 Kg + 675 Gram","0.1665","+333 Gram",""
"2026-07-31","SUKA SHAWARMA CIRENDEU","Iqbal","leader","31/7/2026, 21.14.20","finalized","SARUNG TANGAN BENING","kemasan","pack","3","3 pack","1","1 pack","2","+2 pack",""
"2026-07-31","SUKA SHAWARMA CIRENDEU","Iqbal","leader","31/7/2026, 21.14.20","finalized","STIKER","kemasan","Lembar","0","0 Lembar","0","0 Lembar","0","0 Lembar",""
"2026-07-31","SUKA SHAWARMA CIRENDEU","Iqbal","leader","31/7/2026, 21.14.20","finalized","TEPUNG","bumbu","Kg","3.302","3 Kg + 302 Gram","3.25","3 Kg + 250 Gram","0.052","+52 Gram",""
"2026-07-31","SUKA SHAWARMA CIRENDEU","Iqbal","leader","31/7/2026, 21.14.20","finalized","TUM","item core","Kg","3.112","3 Kg + 112 Gram","1.33","1 Kg + 330 Gram","1.782","+1 Kg + 782 Gram",""
"2026-07-31","SUKA SHAWARMA CIRENDEU","Iqbal","leader","31/7/2026, 21.14.20","finalized","TUTUP","minuman","Pack","3","3 Pack","3","3 Pack","0","0 Pack",""
"2026-07-31","MITRA KALISARI","Cikal","leader","31/7/2026, 21.20.07","finalized","AYAM","item core","Kg","8.02","8 Kg + 20 Gram","10.718","10 Kg + 718 Gram","-2.698","-2 Kg + 698 Gram",""
"2026-07-31","MITRA KALISARI","Cikal","leader","31/7/2026, 21.20.07","finalized","BAWANG","bumbu","Bal","0.9003","18 Kg + 6 Gram","0.1001","2 Kg + 2 Gram","0.8002","+16 Kg + 4 Gram",""
"2026-07-31","MITRA KALISARI","Cikal","leader","31/7/2026, 21.20.07","finalized","FOIL","kemasan","Dus","1.5419407894736843","1 Dus + 13.01 Roll","1.605263157894737","1 Dus + 14.53 Roll","-0.0633223684210527","-1.52 Roll",""
"2026-07-31","MITRA KALISARI","Cikal","leader","31/7/2026, 21.20.07","finalized","GAS 3Kg","item core","tabung","1","1 tabung","-1.4609999999999999","-1 tabung + 1383 gram","2.461","+2 tabung + 1383 gram",""
"2026-07-31","MITRA KALISARI","Cikal","leader","31/7/2026, 21.20.07","finalized","KEJU","item core","Dus","0.5416666666666666","13 Pack","0.6041666666666666","14 Pack + 5 Lembar","-0.0625","-1 Pack + 5 Lembar",""
"2026-07-31","MITRA KALISARI","Cikal","leader","31/7/2026, 21.20.07","finalized","KENTANG","item core","Dus","4.5","4 Dus + 5 Kg","21.374","21 Dus + 3 Kg + 740 Gram","-16.874","-16 Dus + 8 Kg + 740 Gram",""
"2026-07-31","MITRA KALISARI","Cikal","leader","31/7/2026, 21.20.07","finalized","KERTAS STRUK","kemasan","pack","5.2","5 pack + 2 Roll","5.2","5 pack + 2 Roll","0","0 pack",""
"2026-07-31","MITRA KALISARI","Cikal","leader","31/7/2026, 21.20.07","finalized","KULIT 25","item core","Pack","14","14 Pack","14.05","14 Pack + 1 Lembar","-0.05","-1 Lembar",""
"2026-07-31","MITRA KALISARI","Cikal","leader","31/7/2026, 21.20.07","finalized","KULIT 28","item core","Pack","10","10 Pack","10.1","10 Pack + 2 Lembar","-0.1","-2 Lembar",""
"2026-07-31","MITRA KALISARI","Cikal","leader","31/7/2026, 21.20.07","finalized","KULIT 32","item core","Pack","6","6 Pack","5.95","5 Pack + 19 Lembar","0.05","+1 Lembar",""
"2026-07-31","MITRA KALISARI","Cikal","leader","31/7/2026, 21.20.07","finalized","LETTUCE","item core","kg","9","9 kg","1.235","1 kg + 235 gram","7.765","+7 kg + 765 gram",""
"2026-07-31","MITRA KALISARI","Cikal","leader","31/7/2026, 21.20.07","finalized","MAYONES","item core","Dus","1.4166666666666667","1 Dus + 5 Kg","1.3984166666666666","1 Dus + 4 Kg + 9372 Gram","0.0182500000000001","+2628 Gram",""
"2026-07-31","MITRA KALISARI","Cikal","leader","31/7/2026, 21.20.07","finalized","MIE","lainnya","Dus","0","0 Dus","0","0 Dus","0","0 Dus",""
"2026-07-31","MITRA KALISARI","Cikal","leader","31/7/2026, 21.20.07","finalized","PAPER WRAP","kemasan","Ikat","3","3 Ikat","2.834","2 Ikat + 8 Pack + 170 Lembar","0.166","+1 Pack + 330 Lembar",""
"2026-07-31","MITRA KALISARI","Cikal","leader","31/7/2026, 21.20.07","finalized","PLASTIK BESAR","kemasan","Ikat","0.24","1 Pack + 10 Lembar","0.408","2 Pack + 2 Lembar","-0.168","-42 Lembar",""
"2026-07-31","MITRA KALISARI","Cikal","leader","31/7/2026, 21.20.07","finalized","PLASTIK MERAH","kemasan","Ikat","0.25","1 Pack + 5 Lembar","-0.59","-2 Pack + 19 Lembar","0.84","+4 Pack + 4 Lembar",""
"2026-07-31","MITRA KALISARI","Cikal","leader","31/7/2026, 21.20.07","finalized","POLYBAG","kemasan","Ikat","0.4","2 Pack","0.48","2 Pack + 2 Lembar","-0.08","-2 Lembar",""
"2026-07-31","MITRA KALISARI","Cikal","leader","31/7/2026, 21.20.07","finalized","SAOS CABE","item core","Dus","0.18181818181818182","3000 Gram","-0.015757575757575748","-260 Gram","0.19757575757575757","+3260 Gram",""
"2026-07-31","MITRA KALISARI","Cikal","leader","31/7/2026, 21.20.07","finalized","SAOS CABE POUCH","item core","Dus","0","0 Dus","0","0 Dus","0","0 Dus",""
"2026-07-31","MITRA KALISARI","Cikal","leader","31/7/2026, 21.20.07","finalized","SAOS SAMYANG","bumbu","Dus","0.15","750 Gram","0.15","750 Gram","0","0 Dus",""
"2026-07-31","MITRA KALISARI","Cikal","leader","31/7/2026, 21.20.07","finalized","SAOS TOMAT","item core","Dus","0","0 Dus","-0.015757575757575748","-3120 Gram","0.015757575757575748","+3120 Gram",""
"2026-07-31","MITRA KALISARI","Cikal","leader","31/7/2026, 21.20.07","finalized","SAPI","item core","Blok","7","7 Blok","5.42","5 Blok + 840 Gram","1.58","+1 Blok + 1 Kg + 160 Gram",""
"2026-07-31","MITRA KALISARI","Cikal","leader","31/7/2026, 21.20.07","finalized","SARUNG TANGAN BENING","kemasan","pack","6","6 pack","7","7 pack","-1","-1 pack",""
"2026-07-31","MITRA KALISARI","Cikal","leader","31/7/2026, 21.20.07","finalized","STIKER","kemasan","Lembar","9","9 Lembar","10","10 Lembar","-1","-1 Lembar",""
"2026-07-31","MITRA KALISARI","Cikal","leader","31/7/2026, 21.20.07","finalized","TEPUNG","bumbu","Kg","4","4 Kg","3.75","3 Kg + 750 Gram","0.25","+250 Gram",""
"2026-07-31","MITRA KALISARI","Cikal","leader","31/7/2026, 21.20.07","finalized","TUM","item core","Kg","2","2 Kg","1.3","1 Kg + 300 Gram","0.7","+700 Gram",""
"2026-07-31","SUKA SHAWARMA JAGAKARSA","Fahmi","crew","31/7/2026, 21.53.21","finalized","AYAM","item core","Kg","9.9","9 Kg + 900 Gram","7.945","7 Kg + 945 Gram","1.955","+1 Kg + 955 Gram",""
"2026-07-31","SUKA SHAWARMA JAGAKARSA","Fahmi","crew","31/7/2026, 21.53.21","finalized","BAWANG","bumbu","Bal","0.0599","1 Kg + 198 Gram","0.06","1 Kg + 200 Gram","-0.0001","-2 Gram",""
"2026-07-31","SUKA SHAWARMA JAGAKARSA","Fahmi","crew","31/7/2026, 21.53.21","finalized","Cling Wrap","Lain-lain","Dus","0","0 Dus","0","0 Dus","0","0 Dus",""
"2026-07-31","SUKA SHAWARMA JAGAKARSA","Fahmi","crew","31/7/2026, 21.53.21","finalized","CUP","kemasan","Pack","4","4 Pack","4.16","4 Pack + 4 Pcs","-0.16","-4 Pcs",""
"2026-07-31","SUKA SHAWARMA JAGAKARSA","Fahmi","crew","31/7/2026, 21.53.21","finalized","DUS PACKING","kemasan","Pack","0","0 Pack","0","0 Pack","0","0 Pack",""
"2026-07-31","SUKA SHAWARMA JAGAKARSA","Fahmi","crew","31/7/2026, 21.53.21","finalized","ES BATU","minuman","Bal","20","20 Bal","0","0 Bal","20","+20 Bal",""
"2026-07-31","SUKA SHAWARMA JAGAKARSA","Fahmi","crew","31/7/2026, 21.53.21","finalized","FOIL","kemasan","Dus","2.125","2 Dus + 3 Roll","2.080043859649123","2 Dus + 1.92 Roll","0.044956140350877","+1.08 Roll",""
"2026-07-31","SUKA SHAWARMA JAGAKARSA","Fahmi","crew","31/7/2026, 21.53.21","finalized","KEJU","item core","Dus","0.38333333333333336","9 Pack + 2 Lembar","0.42500000000000004","10 Pack + 2 Lembar","-0.04166666666666668","-1 Pack",""
"2026-07-31","SUKA SHAWARMA JAGAKARSA","Fahmi","crew","31/7/2026, 21.53.21","finalized","KENTANG","item core","Dus","3","3 Dus","1.89525","1 Dus + 8 Kg + 952.5 Gram","1.10475","+1 Dus + 1 Kg + 47.5 Gram",""
"2026-07-31","SUKA SHAWARMA JAGAKARSA","Fahmi","crew","31/7/2026, 21.53.21","finalized","KERTAS STRUK","kemasan","pack","5","5 pack","5.4","5 pack + 4 Roll","-0.4","-4 Roll",""
"2026-07-31","SUKA SHAWARMA JAGAKARSA","Fahmi","crew","31/7/2026, 21.53.21","finalized","KULIT 25","item core","Pack","7","7 Pack","7.35","7 Pack + 7 Lembar","-0.35","-7 Lembar",""
"2026-07-31","SUKA SHAWARMA JAGAKARSA","Fahmi","crew","31/7/2026, 21.53.21","finalized","KULIT 28","item core","Pack","21","21 Pack","24.7","24 Pack + 14 Lembar","-3.7","-3 Pack + 14 Lembar",""
"2026-07-31","SUKA SHAWARMA JAGAKARSA","Fahmi","crew","31/7/2026, 21.53.21","finalized","KULIT 32","item core","Pack","8","8 Pack","9","9 Pack","-1","-1 Pack",""
"2026-07-31","SUKA SHAWARMA JAGAKARSA","Fahmi","crew","31/7/2026, 21.53.21","finalized","LETTUCE","item core","kg","3.2","3 kg + 200 gram","-4.291","-4 kg + 291 gram","7.491","+7 kg + 491 gram",""
"2026-07-31","SUKA SHAWARMA JAGAKARSA","Fahmi","crew","31/7/2026, 21.53.21","finalized","MAYONES","item core","Dus","2.25","2 Dus + 3 Kg","0.09666666666666669","1 Kg + 1920 Gram","2.1533333333333333","+2 Dus + 1 Kg + 10080 Gram",""
"2026-07-31","SUKA SHAWARMA JAGAKARSA","Fahmi","crew","31/7/2026, 21.53.21","finalized","MIE","lainnya","Dus","0","0 Dus","0","0 Dus","0","0 Dus",""
"2026-07-31","SUKA SHAWARMA JAGAKARSA","Fahmi","crew","31/7/2026, 21.53.21","finalized","MINYAK","item core","kompan","1.3877777777777778","1 kompan + 6 Kg + 204.44 Gram","-0.12583333333333332","-2 Kg + 13.33 Gram","1.513611111111111","+1 kompan + 8 Kg + 217.78 Gram",""
"2026-07-31","SUKA SHAWARMA JAGAKARSA","Fahmi","crew","31/7/2026, 21.53.21","finalized","PAPER WRAP","kemasan","Ikat","6.094","6 Ikat + 470 Lembar","5.992","5 Ikat + 9 Pack + 460 Lembar","0.102","+1 Pack + 10 Lembar",""
"2026-07-31","SUKA SHAWARMA JAGAKARSA","Fahmi","crew","31/7/2026, 21.53.21","finalized","PLASTIK BESAR","kemasan","Ikat","4","4 Ikat","0.152","38 Lembar","3.848","+3 Ikat + 4 Pack + 12 Lembar",""
"2026-07-31","SUKA SHAWARMA JAGAKARSA","Fahmi","crew","31/7/2026, 21.53.21","finalized","PLASTIK KECIL","kemasan","Ikat","6","6 Ikat","6.112","6 Ikat + 28 Lembar","-0.112","-28 Lembar",""
"2026-07-31","SUKA SHAWARMA JAGAKARSA","Fahmi","crew","31/7/2026, 21.53.21","finalized","PLASTIK MERAH","kemasan","Ikat","0.2","1 Pack","-0.6","-3 Pack","0.8","+4 Pack",""
"2026-07-31","SUKA SHAWARMA JAGAKARSA","Fahmi","crew","31/7/2026, 21.53.21","finalized","PLASTIK VACUM","kemasan","Dus","0","0 Dus","0","0 Dus","0","0 Dus",""
"2026-07-31","SUKA SHAWARMA JAGAKARSA","Fahmi","crew","31/7/2026, 21.53.21","finalized","PLASTIK VACUUM JUMBO","Lain-lain","Dus","0","0 Dus","0","0 Dus","0","0 Dus",""
"2026-07-31","SUKA SHAWARMA JAGAKARSA","Fahmi","crew","31/7/2026, 21.53.21","finalized","POLYBAG","kemasan","Ikat","0.48","2 Pack + 2 Lembar","0.24","1 Pack + 1 Lembar","0.24","+1 Pack + 1 Lembar",""
"2026-07-31","SUKA SHAWARMA JAGAKARSA","Fahmi","crew","31/7/2026, 21.53.21","finalized","POWDER JERUK","minuman","Kg","1","1 Kg","1","1 Kg","0","0 Kg",""
"2026-07-31","SUKA SHAWARMA JAGAKARSA","Fahmi","crew","31/7/2026, 21.53.21","finalized","POWDER TEH","minuman","Kg","1","1 Kg","1","1 Kg","0","0 Kg",""
"2026-07-31","SUKA SHAWARMA JAGAKARSA","Fahmi","crew","31/7/2026, 21.53.21","finalized","SABUN","lainnya","pcs","0.536","0.54 Ml","3","3 pcs","-2.464","-2 pcs + 0.46 Ml",""
"2026-07-31","SUKA SHAWARMA JAGAKARSA","Fahmi","crew","31/7/2026, 21.53.21","finalized","SAOS CABE","item core","Dus","1.029090909090909","1 Dus + 480 Gram","0.12060606060606059","1990 Gram","0.9084848484848485","+2 Kompan + 3990 Gram",""
"2026-07-31","SUKA SHAWARMA JAGAKARSA","Fahmi","crew","31/7/2026, 21.53.21","finalized","SAOS CABE POUCH","item core","Dus","0","0 Dus","0","0 Dus","0","0 Dus",""
"2026-07-31","SUKA SHAWARMA JAGAKARSA","Fahmi","crew","31/7/2026, 21.53.21","finalized","SAOS SAMYANG","bumbu","Dus","0.0375","187.5 Gram","0.1465","732.5 Gram","-0.109","-545 Gram",""
"2026-07-31","SUKA SHAWARMA JAGAKARSA","Fahmi","crew","31/7/2026, 21.53.21","finalized","SAOS TOMAT","item core","Dus","0.6957575757575758","8 Kg + 5760 Gram","-0.0006060606060605962","-120 Gram","0.6963636363636364","+8 Kg + 5880 Gram",""
"2026-07-31","SUKA SHAWARMA JAGAKARSA","Fahmi","crew","31/7/2026, 21.53.21","finalized","SAOS TOMAT POUCH","item core","Dus","1","1 Dus","0","0 Dus","1","+1 Dus",""
"2026-07-31","SUKA SHAWARMA JAGAKARSA","Fahmi","crew","31/7/2026, 21.53.21","finalized","SAPI","item core","Blok","4","4 Blok","2.784","2 Blok + 1 Kg + 568 Gram","1.216","+1 Blok + 432 Gram",""
"2026-07-31","SUKA SHAWARMA JAGAKARSA","Fahmi","crew","31/7/2026, 21.53.21","finalized","SARUNG TANGAN BENING","kemasan","pack","10.25","10 pack + 0.25 Lembar","10","10 pack","0.25","+0.25 Lembar",""
"2026-07-31","SUKA SHAWARMA JAGAKARSA","Fahmi","crew","31/7/2026, 21.53.21","finalized","STIKER","kemasan","Lembar","5","5 Lembar","5.05","5 Lembar + 2.7 Pcs","-0.05","-2.7 Pcs",""
"2026-07-31","SUKA SHAWARMA JAGAKARSA","Fahmi","crew","31/7/2026, 21.53.21","finalized","TEPUNG","bumbu","Kg","3","3 Kg","1.853","1 Kg + 853 Gram","1.147","+1 Kg + 147 Gram",""
"2026-07-31","SUKA SHAWARMA JAGAKARSA","Fahmi","crew","31/7/2026, 21.53.21","finalized","TUM","item core","Kg","2","2 Kg","0.89","890 Gram","1.11","+1 Kg + 110 Gram",""
"2026-07-31","SUKA SHAWARMA JAGAKARSA","Fahmi","crew","31/7/2026, 21.53.21","finalized","TUTUP","minuman","Pack","2","2 Pack","4.16","4 Pack + 4 Pcs","-2.16","-2 Pack + 4 Pcs",""
"2026-07-31","MITRA PEKAYON","Damar","leader","31/7/2026, 21.53.30","finalized","AYAM","item core","Kg","24.432","24 Kg + 432 Gram","7.01","7 Kg + 10 Gram","17.422","+17 Kg + 422 Gram",""
"2026-07-31","MITRA PEKAYON","Damar","leader","31/7/2026, 21.53.30","finalized","BAWANG","bumbu","Bal","0.1","2 Kg","0.1","2 Kg","0","0 Bal",""
"2026-07-31","MITRA PEKAYON","Damar","leader","31/7/2026, 21.53.30","finalized","FOIL","kemasan","Dus","2","2 Dus","1.0178179824561404","1 Dus + 0.43 Roll","0.9821820175438596","+23.57 Roll",""
"2026-07-31","MITRA PEKAYON","Damar","leader","31/7/2026, 21.53.30","finalized","KEJU","item core","Dus","0.6666666666666666","16 Pack","0.7000000000000001","16 Pack + 8 Lembar","-0.0333333333333335","-8 Lembar",""
"2026-07-31","MITRA PEKAYON","Damar","leader","31/7/2026, 21.53.30","finalized","KENTANG","item core","Dus","6.25","6 Dus + 2 Kg + 500 Gram","6.61125","6 Dus + 6 Kg + 112.5 Gram","-0.36125","-3 Kg + 612.5 Gram",""
"2026-07-31","MITRA PEKAYON","Damar","leader","31/7/2026, 21.53.30","finalized","KERTAS STRUK","kemasan","pack","4.8","4 pack + 8 Roll","4.9","4 pack + 9 Roll","-0.1","-1 Roll",""
"2026-07-31","MITRA PEKAYON","Damar","leader","31/7/2026, 21.53.30","finalized","KULIT 25","item core","Pack","14","14 Pack","14.6","14 Pack + 12 Lembar","-0.6","-12 Lembar",""
"2026-07-31","MITRA PEKAYON","Damar","leader","31/7/2026, 21.53.30","finalized","KULIT 28","item core","Pack","18.4","18 Pack + 8 Lembar","18.25","18 Pack + 5 Lembar","0.15","+3 Lembar",""
"2026-07-31","MITRA PEKAYON","Damar","leader","31/7/2026, 21.53.30","finalized","KULIT 32","item core","Pack","10","10 Pack","9.85","9 Pack + 17 Lembar","0.15","+3 Lembar",""
"2026-07-31","MITRA PEKAYON","Damar","leader","31/7/2026, 21.53.30","finalized","LETTUCE","item core","kg","6.578","6 kg + 578 gram","-6.015","-6 kg + 15 gram","12.593","+12 kg + 593 gram",""
"2026-07-31","MITRA PEKAYON","Damar","leader","31/7/2026, 21.53.30","finalized","MIE","lainnya","Dus","0.05","2 Bungkus","0.05","2 Bungkus","0","0 Dus",""
"2026-07-31","MITRA PEKAYON","Damar","leader","31/7/2026, 21.53.30","finalized","MINYAK","item core","kompan","1","1 kompan","-0.21388888888888888","-3 Kg + 422.22 Gram","1.2138888888888888","+1 kompan + 3 Kg + 422.22 Gram",""
"2026-07-31","MITRA PEKAYON","Damar","leader","31/7/2026, 21.53.30","finalized","PLASTIK BESAR","kemasan","Ikat","1.2","1 Ikat + 1 Pack","1.6","1 Ikat + 3 Pack","-0.4","-2 Pack",""
"2026-07-31","MITRA PEKAYON","Damar","leader","31/7/2026, 21.53.30","finalized","PLASTIK MERAH","kemasan","Ikat","1","1 Ikat","0.54","2 Pack + 14 Lembar","0.46","+2 Pack + 6 Lembar",""
"2026-07-31","MITRA PEKAYON","Damar","leader","31/7/2026, 21.53.30","finalized","POLYBAG","kemasan","Ikat","0.6","3 Pack","0.32","1 Pack + 3 Lembar","0.28","+1 Pack + 2 Lembar",""
"2026-07-31","MITRA PEKAYON","Damar","leader","31/7/2026, 21.53.30","finalized","SABUN","lainnya","pcs","1","1 pcs","1","1 pcs","0","0 pcs",""
"2026-07-31","MITRA PEKAYON","Damar","leader","31/7/2026, 21.53.30","finalized","SAOS CABE","item core","Dus","1.3333333333333333","1 Dus + 1 Kompan","1.2587878787878788","1 Dus + 4270 Gram","0.0745454545454545","+1230 Gram",""
"2026-07-31","MITRA PEKAYON","Damar","leader","31/7/2026, 21.53.30","finalized","SAOS SAMYANG","bumbu","Dus","0.2","1 Kg","0.2","1 Kg","0","0 Dus",""
"2026-07-31","MITRA PEKAYON","Damar","leader","31/7/2026, 21.53.30","finalized","SAOS TOMAT","item core","Dus","0.12121212121212122","1 Kg + 7500 Gram","0.10727272727272727","1 Kg + 4740 Gram","0.01393939393939395","+2760 Gram",""
"2026-07-31","MITRA PEKAYON","Damar","leader","31/7/2026, 21.53.30","finalized","SAPI","item core","Blok","10","10 Blok","9.9775","9 Blok + 1 Kg + 955 Gram","0.0225","+45 Gram",""
"2026-07-31","MITRA PEKAYON","Damar","leader","31/7/2026, 21.53.30","finalized","SARUNG TANGAN BENING","kemasan","pack","16","16 pack","17","17 pack","-1","-1 pack",""
"2026-07-31","MITRA PEKAYON","Damar","leader","31/7/2026, 21.53.30","finalized","STIKER","kemasan","Lembar","0.02","1.08 Pcs","0","0 Lembar","0.02","+1.08 Pcs",""
"2026-07-31","MITRA PEKAYON","Damar","leader","31/7/2026, 21.53.30","finalized","TUM","item core","Kg","2","2 Kg","1.68","1 Kg + 680 Gram","0.32","+320 Gram",""
"2026-07-31","SUKA SHAWARMA JATIWARINGIN","Fatur","leader","31/7/2026, 22.07.02","finalized","AYAM","item core","Kg","17.6","17 Kg + 600 Gram","17.6","17 Kg + 600 Gram","0","0 Kg",""
"2026-07-31","SUKA SHAWARMA JATIWARINGIN","Fatur","leader","31/7/2026, 22.07.02","finalized","BAWANG","bumbu","Bal","0.055","1 Kg + 100 Gram","0.055","1 Kg + 100 Gram","0","0 Bal",""
"2026-07-31","SUKA SHAWARMA JATIWARINGIN","Fatur","leader","31/7/2026, 22.07.02","finalized","Cling Wrap","Lain-lain","Dus","0","0 Dus","0","0 Dus","0","0 Dus",""
"2026-07-31","SUKA SHAWARMA JATIWARINGIN","Fatur","leader","31/7/2026, 22.07.02","finalized","CUP","kemasan","Pack","0","0 Pack","0","0 Pack","0","0 Pack",""
"2026-07-31","SUKA SHAWARMA JATIWARINGIN","Fatur","leader","31/7/2026, 22.07.02","finalized","DUS PACKING","kemasan","Pack","10","10 Pack","10","10 Pack","0","0 Pack",""
"2026-07-31","SUKA SHAWARMA JATIWARINGIN","Fatur","leader","31/7/2026, 22.07.02","finalized","ES BATU","minuman","Bal","0","0 Bal","0","0 Bal","0","0 Bal",""
"2026-07-31","SUKA SHAWARMA JATIWARINGIN","Fatur","leader","31/7/2026, 22.07.02","finalized","FOIL","kemasan","Dus","1.049890350877193","1 Dus + 1.2 Roll","1.0367324561403508","1 Dus + 0.88 Roll","0.0131578947368422","+0.32 Roll",""
"2026-07-31","SUKA SHAWARMA JATIWARINGIN","Fatur","leader","31/7/2026, 22.07.02","finalized","GAS 3Kg","item core","tabung","0","0 tabung","-0.051666666666666736","-155 gram","0.051666666666666736","+155 gram",""
"2026-07-31","SUKA SHAWARMA JATIWARINGIN","Fatur","leader","31/7/2026, 22.07.02","finalized","KEJU","item core","Dus","0.4375","10 Pack + 5 Lembar","0.45000000000000007","10 Pack + 8 Lembar","-0.01250000000000007","-3 Lembar",""
"2026-07-31","SUKA SHAWARMA JATIWARINGIN","Fatur","leader","31/7/2026, 22.07.02","finalized","KENTANG","item core","Dus","4","4 Dus","3.97125","3 Dus + 9 Kg + 712.5 Gram","0.02875","+287.5 Gram",""
"2026-07-31","SUKA SHAWARMA JATIWARINGIN","Fatur","leader","31/7/2026, 22.07.02","finalized","KERTAS STRUK","kemasan","pack","5.8","5 pack + 8 Roll","5.8","5 pack + 8 Roll","0","0 pack",""
"2026-07-31","SUKA SHAWARMA JATIWARINGIN","Fatur","leader","31/7/2026, 22.07.02","finalized","KULIT 25","item core","Pack","15.5","15 Pack + 10 Lembar","15.75","15 Pack + 15 Lembar","-0.25","-5 Lembar",""
"2026-07-31","SUKA SHAWARMA JATIWARINGIN","Fatur","leader","31/7/2026, 22.07.02","finalized","KULIT 28","item core","Pack","20.5","20 Pack + 10 Lembar","20.75","20 Pack + 15 Lembar","-0.25","-5 Lembar",""
"2026-07-31","SUKA SHAWARMA JATIWARINGIN","Fatur","leader","31/7/2026, 22.07.02","finalized","KULIT 32","item core","Pack","12","12 Pack","12","12 Pack","0","0 Pack",""
"2026-07-31","SUKA SHAWARMA JATIWARINGIN","Fatur","leader","31/7/2026, 22.07.02","finalized","LETTUCE","item core","kg","2.1","2 kg + 100 gram","2.1","2 kg + 100 gram","0","0 kg",""
"2026-07-31","SUKA SHAWARMA JATIWARINGIN","Fatur","leader","31/7/2026, 22.07.02","finalized","MAYONES","item core","Dus","2.5","2 Dus + 6 Kg","2.4991666666666665","2 Dus + 5 Kg + 11880 Gram","0.0008333333333335","+120 Gram",""
"2026-07-31","SUKA SHAWARMA JATIWARINGIN","Fatur","leader","31/7/2026, 22.07.02","finalized","MIE","lainnya","Dus","0.05","2 Bungkus","0.05","2 Bungkus","0","0 Dus",""
"2026-07-31","SUKA SHAWARMA JATIWARINGIN","Fatur","leader","31/7/2026, 22.07.02","finalized","MINYAK","item core","kompan","0","0 kompan","-0.075","-1 Kg + 200 Gram","0.075","+1 Kg + 200 Gram",""
"2026-07-31","SUKA SHAWARMA JATIWARINGIN","Fatur","leader","31/7/2026, 22.07.02","finalized","PAPER WRAP","kemasan","Ikat","3.116","3 Ikat + 1 Pack + 80 Lembar","-0.0839999999999998","-420 Lembar","3.1999999999999997","+3 Ikat + 2 Pack",""
"2026-07-31","SUKA SHAWARMA JATIWARINGIN","Fatur","leader","31/7/2026, 22.07.02","finalized","PLASTIK BESAR","kemasan","Ikat","2.888","2 Ikat + 4 Pack + 22 Lembar","3.08","3 Ikat + 20 Lembar","-0.192","-48 Lembar",""
"2026-07-31","SUKA SHAWARMA JATIWARINGIN","Fatur","leader","31/7/2026, 22.07.02","finalized","PLASTIK KECIL","kemasan","Ikat","0","0 Ikat","0","0 Ikat","0","0 Ikat",""
"2026-07-31","SUKA SHAWARMA JATIWARINGIN","Fatur","leader","31/7/2026, 22.07.02","finalized","PLASTIK MERAH","kemasan","Ikat","0.26","1 Pack + 6 Lembar","-0.18","-18 Lembar","0.44","+2 Pack + 4 Lembar",""
"2026-07-31","SUKA SHAWARMA JATIWARINGIN","Fatur","leader","31/7/2026, 22.07.02","finalized","PLASTIK VACUM","kemasan","Dus","50","50 Dus","50","50 Dus","0","0 Dus",""
"2026-07-31","SUKA SHAWARMA JATIWARINGIN","Fatur","leader","31/7/2026, 22.07.02","finalized","PLASTIK VACUUM JUMBO","Lain-lain","Dus","0","0 Dus","0","0 Dus","0","0 Dus",""
"2026-07-31","SUKA SHAWARMA JATIWARINGIN","Fatur","leader","31/7/2026, 22.07.02","finalized","POLYBAG","kemasan","Ikat","0.2","1 Pack","0.44","2 Pack + 1 Lembar","-0.24","-1 Pack + 1 Lembar",""
"2026-07-31","SUKA SHAWARMA JATIWARINGIN","Fatur","leader","31/7/2026, 22.07.02","finalized","POWDER JERUK","minuman","Kg","0","0 Kg","0","0 Kg","0","0 Kg",""
"2026-07-31","SUKA SHAWARMA JATIWARINGIN","Fatur","leader","31/7/2026, 22.07.02","finalized","POWDER TEH","minuman","Kg","0","0 Kg","0","0 Kg","0","0 Kg",""
"2026-07-31","SUKA SHAWARMA JATIWARINGIN","Fatur","leader","31/7/2026, 22.07.02","finalized","SABUN","lainnya","pcs","3","3 pcs","4","4 pcs","-1","-1 pcs",""
"2026-07-31","SUKA SHAWARMA JATIWARINGIN","Fatur","leader","31/7/2026, 22.07.02","finalized","SAOS CABE","item core","Dus","1.6426666666666667","1 Dus + 1 Kompan + 5104 Gram","1.5075757575757576","1 Dus + 1 Kompan + 2875 Gram","0.1350909090909091","+2229 Gram",""
"2026-07-31","SUKA SHAWARMA JATIWARINGIN","Fatur","leader","31/7/2026, 22.07.02","finalized","SAOS CABE POUCH","item core","Dus","0","0 Dus","0","0 Dus","0","0 Dus",""
"2026-07-31","SUKA SHAWARMA JATIWARINGIN","Fatur","leader","31/7/2026, 22.07.02","finalized","SAOS SAMYANG","bumbu","Dus","0.0625","312.5 Gram","0.059","295 Gram","0.0035","+17.5 Gram",""
"2026-07-31","SUKA SHAWARMA JATIWARINGIN","Fatur","leader","31/7/2026, 22.07.02","finalized","SAOS TOMAT","item core","Dus","0.36363636363636365","4 Kg + 6000 Gram","0.4166666666666667","5 Kg","-0.05303030303030305","-10500 Gram",""
"2026-07-31","SUKA SHAWARMA JATIWARINGIN","Fatur","leader","31/7/2026, 22.07.02","finalized","SAOS TOMAT POUCH","item core","Dus","0.894","10 Kg + 728 Gram","0","0 Dus","0.894","+10 Kg + 728 Gram",""
"2026-07-31","SUKA SHAWARMA JATIWARINGIN","Fatur","leader","31/7/2026, 22.07.02","finalized","SAPI","item core","Blok","6","6 Blok","6.555","6 Blok + 1 Kg + 110 Gram","-0.555","-1 Kg + 110 Gram",""
"2026-07-31","SUKA SHAWARMA JATIWARINGIN","Fatur","leader","31/7/2026, 22.07.02","finalized","SARUNG TANGAN BENING","kemasan","pack","10.56","10 pack + 0.56 Lembar","11.68","11 pack + 0.68 Lembar","-1.12","-1 pack + 0.12 Lembar",""
"2026-07-31","SUKA SHAWARMA JATIWARINGIN","Fatur","leader","31/7/2026, 22.07.02","finalized","SEDOTAN","minuman","pack","0","0 pack","0","0 pack","0","0 pack",""
"2026-07-31","SUKA SHAWARMA JATIWARINGIN","Fatur","leader","31/7/2026, 22.07.02","finalized","STIKER","kemasan","Lembar","0","0 Lembar","0","0 Lembar","0","0 Lembar",""
"2026-07-31","SUKA SHAWARMA JATIWARINGIN","Fatur","leader","31/7/2026, 22.07.02","finalized","TEPUNG","bumbu","Kg","4.8","4 Kg + 800 Gram","4.8","4 Kg + 800 Gram","0","0 Kg",""
"2026-07-31","SUKA SHAWARMA JATIWARINGIN","Fatur","leader","31/7/2026, 22.07.02","finalized","TUM","item core","Kg","2.675","2 Kg + 675 Gram","2.675","2 Kg + 675 Gram","0","0 Kg",""
"2026-07-31","SUKA SHAWARMA JATIWARINGIN","Fatur","leader","31/7/2026, 22.07.02","finalized","TUTUP","minuman","Pack","0","0 Pack","0","0 Pack","0","0 Pack",""
"2026-07-31","MITRA CIBUBUR","Dika","crew","31/7/2026, 22.08.11","finalized","AYAM","item core","Kg","26","26 Kg","29.765","29 Kg + 765 Gram","-3.765","-3 Kg + 765 Gram",""
"2026-07-31","MITRA CIBUBUR","Dika","crew","31/7/2026, 22.08.11","finalized","BAWANG","bumbu","Bal","0.1","2 Kg","0.1","2 Kg","0","0 Bal",""
"2026-07-31","MITRA CIBUBUR","Dika","crew","31/7/2026, 22.08.11","finalized","CUP","kemasan","Pack","13","13 Pack","14","14 Pack","-1","-1 Pack",""
"2026-07-31","MITRA CIBUBUR","Dika","crew","31/7/2026, 22.08.11","finalized","FOIL","kemasan","Dus","2.3333333333333335","2 Dus + 8 Roll","0.4136513157894736","9.93 Roll","1.9196820175438598","+1 Dus + 22.07 Roll",""
"2026-07-31","MITRA CIBUBUR","Dika","crew","31/7/2026, 22.08.11","finalized","GAS 3Kg","item core","tabung","1","1 tabung","1.36","1 tabung + 1080 gram","-0.36","-1080 gram",""
"2026-07-31","MITRA CIBUBUR","Dika","crew","31/7/2026, 22.08.11","finalized","KEJU","item core","Dus","1.1666666666666667","1 Dus + 4 Pack","1.1125","1 Dus + 2 Pack + 7 Lembar","0.0541666666666667","+1 Pack + 3 Lembar",""
"2026-07-31","MITRA CIBUBUR","Dika","crew","31/7/2026, 22.08.11","finalized","KENTANG","item core","Dus","11.25","11 Dus + 2 Kg + 500 Gram","4.87075","4 Dus + 8 Kg + 707.5 Gram","6.37925","+6 Dus + 3 Kg + 792.5 Gram",""
"2026-07-31","MITRA CIBUBUR","Dika","crew","31/7/2026, 22.08.11","finalized","KERTAS STRUK","kemasan","pack","38","38 pack","4","4 pack","34","+34 pack",""
"2026-07-31","MITRA CIBUBUR","Dika","crew","31/7/2026, 22.08.11","finalized","KULIT 25","item core","Pack","10","10 Pack","19.8","19 Pack + 16 Lembar","-9.8","-9 Pack + 16 Lembar",""
"2026-07-31","MITRA CIBUBUR","Dika","crew","31/7/2026, 22.08.11","finalized","KULIT 28","item core","Pack","23","23 Pack","13.7","13 Pack + 14 Lembar","9.3","+9 Pack + 6 Lembar",""
"2026-07-31","MITRA CIBUBUR","Dika","crew","31/7/2026, 22.08.11","finalized","KULIT 32","item core","Pack","16","16 Pack","16.4","16 Pack + 8 Lembar","-0.4","-8 Lembar",""
"2026-07-31","MITRA CIBUBUR","Dika","crew","31/7/2026, 22.08.11","finalized","LETTUCE","item core","kg","2","2 kg","-5.35","-5 kg + 350 gram","7.35","+7 kg + 350 gram",""
"2026-07-31","MITRA CIBUBUR","Dika","crew","31/7/2026, 22.08.11","finalized","MAYONES","item core","Dus","3.1666666666666665","3 Dus + 2 Kg","3.0825","3 Dus + 11880 Gram","0.0841666666666665","+1 Kg + 120 Gram",""
"2026-07-31","MITRA CIBUBUR","Dika","crew","31/7/2026, 22.08.11","finalized","PAPER WRAP","kemasan","Ikat","8","8 Ikat","7.676","7 Ikat + 6 Pack + 380 Lembar","0.324","+3 Pack + 120 Lembar",""
"2026-07-31","MITRA CIBUBUR","Dika","crew","31/7/2026, 22.08.11","finalized","PLASTIK BESAR","kemasan","Ikat","1.8","1 Ikat + 4 Pack","2.8","2 Ikat + 4 Pack","-1","-1 Ikat",""
"2026-07-31","MITRA CIBUBUR","Dika","crew","31/7/2026, 22.08.11","finalized","PLASTIK MERAH","kemasan","Ikat","0.2","1 Pack","-3.49","-3 Ikat + 2 Pack + 9 Lembar","3.69","+3 Ikat + 3 Pack + 9 Lembar",""
"2026-07-31","MITRA CIBUBUR","Dika","crew","31/7/2026, 22.08.11","finalized","POLYBAG","kemasan","Ikat","1.16","1 Ikat + 4 Lembar","0.4","2 Pack","0.76","+3 Pack + 4 Lembar",""
"2026-07-31","MITRA CIBUBUR","Dika","crew","31/7/2026, 22.08.11","finalized","POWDER JERUK","minuman","Kg","1.2","1 Kg + 200 Gram","1.2","1 Kg + 200 Gram","0","0 Kg",""
"2026-07-31","MITRA CIBUBUR","Dika","crew","31/7/2026, 22.08.11","finalized","POWDER TEH","minuman","Kg","3","3 Kg","2.76","2 Kg + 760 Gram","0.24","+240 Gram",""
"2026-07-31","MITRA CIBUBUR","Dika","crew","31/7/2026, 22.08.11","finalized","SAOS CABE","item core","Dus","2","2 Dus","2.0806060606060606","2 Dus + 1330 Gram","-0.0806060606060606","-1330 Gram",""
"2026-07-31","MITRA CIBUBUR","Dika","crew","31/7/2026, 22.08.11","finalized","SAOS SAMYANG","bumbu","Dus","0.05","250 Gram","0.043","215 Gram","0.007","+35 Gram",""
"2026-07-31","MITRA CIBUBUR","Dika","crew","31/7/2026, 22.08.11","finalized","SAOS TOMAT","item core","Dus","1.0909090909090908","1 Dus + 1 Kg + 1500 Gram","1.1715151515151514","1 Dus + 2 Kg + 960 Gram","-0.0806060606060606","-15960 Gram",""
"2026-07-31","MITRA CIBUBUR","Dika","crew","31/7/2026, 22.08.11","finalized","SAPI","item core","Blok","22","22 Blok","16.04","16 Blok + 80 Gram","5.96","+5 Blok + 1 Kg + 920 Gram",""
"2026-07-31","MITRA CIBUBUR","Dika","crew","31/7/2026, 22.08.11","finalized","SARUNG TANGAN BENING","kemasan","pack","1","1 pack","2","2 pack","-1","-1 pack",""
"2026-07-31","MITRA CIBUBUR","Dika","crew","31/7/2026, 22.08.11","finalized","TUM","item core","Kg","5","5 Kg","1.85","1 Kg + 850 Gram","3.15","+3 Kg + 150 Gram",""
"2026-07-31","MITRA CIBUBUR","Dika","crew","31/7/2026, 22.08.11","finalized","TUTUP","minuman","Pack","31","31 Pack","29","29 Pack","2","+2 Pack",""
"2026-07-31","SUKA SHAWARMA CIMANGGU","Iswara","crew","31/7/2026, 22.13.03","finalized","AYAM","item core","Kg","15","15 Kg","21.99","21 Kg + 990 Gram","-6.99","-6 Kg + 990 Gram",""
"2026-07-31","SUKA SHAWARMA CIMANGGU","Iswara","crew","31/7/2026, 22.13.03","finalized","BAWANG","bumbu","Bal","0.0915","1 Kg + 830 Gram","0.000004575","0.09 Gram","0.091495425","+1 Kg + 829.91 Gram",""
"2026-07-31","SUKA SHAWARMA CIMANGGU","Iswara","crew","31/7/2026, 22.13.03","finalized","CUP","kemasan","Pack","1","1 Pack","-3.68","-3 Pack + 17 Pcs","4.68","+4 Pack + 17 Pcs",""
"2026-07-31","SUKA SHAWARMA CIMANGGU","Iswara","crew","31/7/2026, 22.13.03","finalized","ES BATU","minuman","Bal","4.8","4 Bal + 16 Kg","7.044","7 Bal + 880 Gram","-2.244","-2 Bal + 4 Kg + 880 Gram",""
"2026-07-31","SUKA SHAWARMA CIMANGGU","Iswara","crew","31/7/2026, 22.13.03","finalized","FOIL","kemasan","Dus","1.0416666666666667","1 Dus + 1 Roll","1.0843201754385965","1 Dus + 2.02 Roll","-0.0426535087719298","-1.02 Roll",""
"2026-07-31","SUKA SHAWARMA CIMANGGU","Iswara","crew","31/7/2026, 22.13.03","finalized","GAS 3Kg","item core","tabung","3","3 tabung","7.358333333333333","7 tabung + 1075 gram","-4.358333333333333","-4 tabung + 1075 gram",""
"2026-07-31","SUKA SHAWARMA CIMANGGU","Iswara","crew","31/7/2026, 22.13.03","finalized","KEJU","item core","Dus","0.9541666666666667","22 Pack + 9 Lembar","1","1 Dus","-0.0458333333333333","-1 Pack + 1 Lembar",""
"2026-07-31","SUKA SHAWARMA CIMANGGU","Iswara","crew","31/7/2026, 22.13.03","finalized","KENTANG","item core","Dus","3.475","3 Dus + 4 Kg + 750 Gram","1.32675","1 Dus + 3 Kg + 267.5 Gram","2.14825","+2 Dus + 1 Kg + 482.5 Gram",""
"2026-07-31","SUKA SHAWARMA CIMANGGU","Iswara","crew","31/7/2026, 22.13.03","finalized","KERTAS STRUK","kemasan","pack","4.1","4 pack + 1 Roll","4.4","4 pack + 4 Roll","-0.3","-3 Roll",""
"2026-07-31","SUKA SHAWARMA CIMANGGU","Iswara","crew","31/7/2026, 22.13.03","finalized","KULIT 25","item core","Pack","5.5","5 Pack + 10 Lembar","5.2","5 Pack + 4 Lembar","0.3","+6 Lembar",""
"2026-07-31","SUKA SHAWARMA CIMANGGU","Iswara","crew","31/7/2026, 22.13.03","finalized","KULIT 28","item core","Pack","4","4 Pack","4.5","4 Pack + 10 Lembar","-0.5","-10 Lembar",""
"2026-07-31","SUKA SHAWARMA CIMANGGU","Iswara","crew","31/7/2026, 22.13.03","finalized","KULIT 32","item core","Pack","2.8","2 Pack + 16 Lembar","2.8","2 Pack + 16 Lembar","0","0 Pack",""
"2026-07-31","SUKA SHAWARMA CIMANGGU","Iswara","crew","31/7/2026, 22.13.03","finalized","LETTUCE","item core","kg","8.5","8 kg + 500 gram","10.687","10 kg + 687 gram","-2.187","-2 kg + 187 gram",""
"2026-07-31","SUKA SHAWARMA CIMANGGU","Iswara","crew","31/7/2026, 22.13.03","finalized","MAYONES","item core","Dus","0.4166666666666667","5 Kg","0.25208333333333327","3 Kg + 300 Gram","0.16458333333333344","+1 Kg + 11700 Gram",""
"2026-07-31","SUKA SHAWARMA CIMANGGU","Iswara","crew","31/7/2026, 22.13.03","finalized","MIE","lainnya","Dus","0.7","28 Bungkus","0.725","29 Bungkus","-0.025","-1 Bungkus",""
"2026-07-31","SUKA SHAWARMA CIMANGGU","Iswara","crew","31/7/2026, 22.13.03","finalized","MINYAK","item core","kompan","1","1 kompan","0.8338888888888889","13 Kg + 342.22 Gram","0.1661111111111111","+2 Kg + 657.78 Gram",""
"2026-07-31","SUKA SHAWARMA CIMANGGU","Iswara","crew","31/7/2026, 22.13.03","finalized","PAPER WRAP","kemasan","Ikat","0.89","8 Pack + 450 Lembar","0.884","8 Pack + 420 Lembar","0.006","+30 Lembar",""
"2026-07-31","SUKA SHAWARMA CIMANGGU","Iswara","crew","31/7/2026, 22.13.03","finalized","PLASTIK BESAR","kemasan","Ikat","1.2","1 Ikat + 1 Pack","1.6","1 Ikat + 3 Pack","-0.4","-2 Pack",""
"2026-07-31","SUKA SHAWARMA CIMANGGU","Iswara","crew","31/7/2026, 22.13.03","finalized","PLASTIK KECIL","kemasan","Ikat","1","1 Ikat","20","20 Ikat","-19","-19 Ikat",""
"2026-07-31","SUKA SHAWARMA CIMANGGU","Iswara","crew","31/7/2026, 22.13.03","finalized","PLASTIK MERAH","kemasan","Ikat","0.23","1 Pack + 3 Lembar","-0.78","-3 Pack + 18 Lembar","1.01","+1 Ikat + 1 Lembar",""
"2026-07-31","SUKA SHAWARMA CIMANGGU","Iswara","crew","31/7/2026, 22.13.03","finalized","POLYBAG","kemasan","Ikat","0.48","2 Pack + 2 Lembar","0.36","1 Pack + 4 Lembar","0.12","+3 Lembar",""
"2026-07-31","SUKA SHAWARMA CIMANGGU","Iswara","crew","31/7/2026, 22.13.03","finalized","POWDER JERUK","minuman","Kg","1.3","1 Kg + 300 Gram","1.39","1 Kg + 390 Gram","-0.09","-90 Gram",""
"2026-07-31","SUKA SHAWARMA CIMANGGU","Iswara","crew","31/7/2026, 22.13.03","finalized","POWDER TEH","minuman","Kg","1.1","1 Kg + 100 Gram","1.075","1 Kg + 75 Gram","0.025","+25 Gram",""
"2026-07-31","SUKA SHAWARMA CIMANGGU","Iswara","crew","31/7/2026, 22.13.03","finalized","SABUN","lainnya","pcs","1","1 pcs","1","1 pcs","0","0 pcs",""
"2026-07-31","SUKA SHAWARMA CIMANGGU","Iswara","crew","31/7/2026, 22.13.03","finalized","SAOS CABE","item core","Dus","1.1018181818181818","1 Dus + 1680 Gram","0.7496969696969696","2 Kompan + 1370 Gram","0.3521212121212122","+1 Kompan + 310 Gram",""
"2026-07-31","SUKA SHAWARMA CIMANGGU","Iswara","crew","31/7/2026, 22.13.03","finalized","SAOS SAMYANG","bumbu","Dus","0.05","250 Gram","-0.00325","-16.25 Gram","0.05325","+266.25 Gram",""
"2026-07-31","SUKA SHAWARMA CIMANGGU","Iswara","crew","31/7/2026, 22.13.03","finalized","SAOS TOMAT POUCH","item core","Dus","11","11 Dus","0","0 Dus","11","+11 Dus",""
"2026-07-31","SUKA SHAWARMA CIMANGGU","Iswara","crew","31/7/2026, 22.13.03","finalized","SAPI","item core","Blok","13","13 Blok","2.715","2 Blok + 1 Kg + 430 Gram","10.285","+10 Blok + 570 Gram",""
"2026-07-31","SUKA SHAWARMA CIMANGGU","Iswara","crew","31/7/2026, 22.13.03","finalized","SARUNG TANGAN BENING","kemasan","pack","12.23","12 pack + 0.23 Lembar","11.45","11 pack + 0.45 Lembar","0.78","+0.78 Lembar",""
"2026-07-31","SUKA SHAWARMA CIMANGGU","Iswara","crew","31/7/2026, 22.13.03","finalized","STIKER","kemasan","Lembar","2.06","2 Lembar + 3.24 Pcs","1.96","1 Lembar + 51.84 Pcs","0.1","+5.4 Pcs",""
"2026-07-31","SUKA SHAWARMA CIMANGGU","Iswara","crew","31/7/2026, 22.13.03","finalized","TEPUNG","bumbu","Kg","3.1","3 Kg + 100 Gram","3.04","3 Kg + 40 Gram","0.06","+60 Gram",""
"2026-07-31","SUKA SHAWARMA CIMANGGU","Iswara","crew","31/7/2026, 22.13.03","finalized","TUM","item core","Kg","1","1 Kg","0.305","305 Gram","0.695","+695 Gram",""
"2026-07-31","SUKA SHAWARMA CIMANGGU","Iswara","crew","31/7/2026, 22.13.03","finalized","TUTUP","minuman","Pack","1","1 Pack","1.24","1 Pack + 6 Pcs","-0.24","-6 Pcs",""
"2026-07-31","MITRA SENTUL","Raka","leader","31/7/2026, 22.15.18","finalized","AYAM","item core","Kg","22.0007","22 Kg + 0.7 Gram","31","31 Kg","-8.9993","-8 Kg + 999.3 Gram",""
"2026-07-31","MITRA SENTUL","Raka","leader","31/7/2026, 22.15.18","finalized","BAWANG","bumbu","Bal","0.075","1 Kg + 500 Gram","0.0764","1 Kg + 528 Gram","-0.0014","-28 Gram",""
"2026-07-31","MITRA SENTUL","Raka","leader","31/7/2026, 22.15.18","finalized","Cling Wrap","Lain-lain","Dus","0.15","3.6 Roll","1","1 Dus","-0.85","-20.4 Roll",""
"2026-07-31","MITRA SENTUL","Raka","leader","31/7/2026, 22.15.18","finalized","CUP","kemasan","Pack","2.84","2 Pack + 21 Pcs","5.68","5 Pack + 17 Pcs","-2.84","-2 Pack + 21 Pcs",""
"2026-07-31","MITRA SENTUL","Raka","leader","31/7/2026, 22.15.18","finalized","ES BATU","minuman","Bal","6.000520000000001","6 Bal + 10.4 Gram","0","0 Bal","6.000520000000001","+6 Bal + 10.4 Gram",""
"2026-07-31","MITRA SENTUL","Raka","leader","31/7/2026, 22.15.18","finalized","FOIL","kemasan","Dus","3","3 Dus","3.3333333333333335","3 Dus + 8 Roll","-0.3333333333333335","-8 Roll",""
"2026-07-31","MITRA SENTUL","Raka","leader","31/7/2026, 22.15.18","finalized","GAS 3Kg","item core","tabung","1.0006066666666666","1 tabung + 1.82 gram","5","5 tabung","-3.9993933333333334","-3 tabung + 2998.18 gram",""
"2026-07-31","MITRA SENTUL","Raka","leader","31/7/2026, 22.15.18","finalized","KEJU","item core","Dus","1.175","1 Dus + 4 Pack + 2 Lembar","1.2583333333333333","1 Dus + 6 Pack + 2 Lembar","-0.0833333333333333","-2 Pack",""
"2026-07-31","MITRA SENTUL","Raka","leader","31/7/2026, 22.15.18","finalized","KENTANG","item core","Dus","2.455","2 Dus + 4 Kg + 550 Gram","3.625","3 Dus + 6 Kg + 250 Gram","-1.17","-1 Dus + 1 Kg + 700 Gram",""
"2026-07-31","MITRA SENTUL","Raka","leader","31/7/2026, 22.15.18","finalized","KERTAS STRUK","kemasan","pack","7.4","7 pack + 4 Roll","7.6","7 pack + 6 Roll","-0.2","-2 Roll",""
"2026-07-31","MITRA SENTUL","Raka","leader","31/7/2026, 22.15.18","finalized","KULIT 25","item core","Pack","9.4","9 Pack + 8 Lembar","11.45","11 Pack + 9 Lembar","-2.05","-2 Pack + 1 Lembar",""
"2026-07-31","MITRA SENTUL","Raka","leader","31/7/2026, 22.15.18","finalized","KULIT 28","item core","Pack","7","7 Pack","9.75","9 Pack + 15 Lembar","-2.75","-2 Pack + 15 Lembar",""
"2026-07-31","MITRA SENTUL","Raka","leader","31/7/2026, 22.15.18","finalized","KULIT 32","item core","Pack","9.8","9 Pack + 16 Lembar","10.8","10 Pack + 16 Lembar","-1","-1 Pack",""
"2026-07-31","MITRA SENTUL","Raka","leader","31/7/2026, 22.15.18","finalized","LETTUCE","item core","kg","5","5 kg","0","0 kg","5","+5 kg",""
"2026-07-31","MITRA SENTUL","Raka","leader","31/7/2026, 22.15.18","finalized","MAYONES","item core","Dus","2.5","2 Dus + 6 Kg","2","2 Dus","0.5","+6 Kg",""
"2026-07-31","MITRA SENTUL","Raka","leader","31/7/2026, 22.15.18","finalized","MIE","lainnya","Dus","0.05","2 Bungkus","0","0 Dus","0.05","+2 Bungkus",""
"2026-07-31","MITRA SENTUL","Raka","leader","31/7/2026, 22.15.18","finalized","MINYAK","item core","kompan","1.2222222222222223","1 kompan + 3 Kg + 555.56 Gram","1.4444444444444444","1 kompan + 7 Kg + 111.11 Gram","-0.2222222222222221","-3 Kg + 555.56 Gram",""
"2026-07-31","MITRA SENTUL","Raka","leader","31/7/2026, 22.15.18","finalized","PAPER WRAP","kemasan","Ikat","2.872","2 Ikat + 8 Pack + 360 Lembar","3","3 Ikat","-0.128","-1 Pack + 140 Lembar",""
"2026-07-31","MITRA SENTUL","Raka","leader","31/7/2026, 22.15.18","finalized","PLASTIK BESAR","kemasan","Ikat","1","1 Ikat","1.6","1 Ikat + 3 Pack","-0.6","-3 Pack",""
"2026-07-31","MITRA SENTUL","Raka","leader","31/7/2026, 22.15.18","finalized","PLASTIK MERAH","kemasan","Ikat","0.2","1 Pack","0.2","1 Pack","0","0 Ikat",""
"2026-07-31","MITRA SENTUL","Raka","leader","31/7/2026, 22.15.18","finalized","POLYBAG","kemasan","Ikat","0.8","4 Pack","1.12","1 Ikat + 3 Lembar","-0.32","-1 Pack + 3 Lembar",""
"2026-07-31","MITRA SENTUL","Raka","leader","31/7/2026, 22.15.18","finalized","POWDER JERUK","minuman","Kg","0.000386","0.39 Gram","0.34","340 Gram","-0.339614","-339.61 Gram",""
"2026-07-31","MITRA SENTUL","Raka","leader","31/7/2026, 22.15.18","finalized","POWDER TEH","minuman","Kg","0.000634","0.63 Gram","0.604","604 Gram","-0.603366","-603.37 Gram",""
"2026-07-31","MITRA SENTUL","Raka","leader","31/7/2026, 22.15.18","finalized","SAOS CABE","item core","Dus","0.9245454545454546","2 Kompan + 4255 Gram","1.295090909090909","1 Dus + 4869 Gram","-0.3705454545454544","-1 Kompan + 614 Gram",""
"2026-07-31","MITRA SENTUL","Raka","leader","31/7/2026, 22.15.18","finalized","SAOS SAMYANG","bumbu","Dus","0.000025","0.13 Gram","0.025","125 Gram","-0.024975","-124.88 Gram",""
"2026-07-31","MITRA SENTUL","Raka","leader","31/7/2026, 22.15.18","finalized","SAOS TOMAT POUCH","item core","Dus","6","6 Dus","0","0 Dus","6","+6 Dus",""
"2026-07-31","MITRA SENTUL","Raka","leader","31/7/2026, 22.15.18","finalized","SAPI","item core","Blok","4.00025","4 Blok + 0.5 Gram","2","2 Blok","2.00025","+2 Blok + 0.5 Gram",""
"2026-07-31","MITRA SENTUL","Raka","leader","31/7/2026, 22.15.18","finalized","SARUNG TANGAN BENING","kemasan","pack","7","7 pack","10","10 pack","-3","-3 pack",""
"2026-07-31","MITRA SENTUL","Raka","leader","31/7/2026, 22.15.18","finalized","TEPUNG","bumbu","Kg","3.5","3 Kg + 500 Gram","3.5","3 Kg + 500 Gram","0","0 Kg",""
"2026-07-31","MITRA SENTUL","Raka","leader","31/7/2026, 22.15.18","finalized","TUM","item core","Kg","0.00087","0.87 Gram","1.3599999999999999","1 Kg + 360 Gram","-1.35913","-1 Kg + 359.13 Gram",""
"2026-07-31","MITRA SENTUL","Raka","leader","31/7/2026, 22.15.18","finalized","TUTUP","minuman","Pack","2.84","2 Pack + 21 Pcs","5.68","5 Pack + 17 Pcs","-2.84","-2 Pack + 21 Pcs",""
"2026-07-31","SUKA SHAWARMA DEPOK SUKMAJAYA","Rif'an","crew","31/7/2026, 22.17.43","finalized","AYAM","item core","Kg","28","28 Kg","26.29","26 Kg + 290 Gram","1.71","+1 Kg + 710 Gram",""
"2026-07-31","SUKA SHAWARMA DEPOK SUKMAJAYA","Rif'an","crew","31/7/2026, 22.17.43","finalized","BAWANG","bumbu","Bal","0","0 Bal","0.01155","231 Gram","-0.01155","-231 Gram",""
"2026-07-31","SUKA SHAWARMA DEPOK SUKMAJAYA","Rif'an","crew","31/7/2026, 22.17.43","finalized","Cling Wrap","Lain-lain","Dus","2","2 Dus","0","0 Dus","2","+2 Dus",""
"2026-07-31","SUKA SHAWARMA DEPOK SUKMAJAYA","Rif'an","crew","31/7/2026, 22.17.43","finalized","CUP","kemasan","Pack","3.6","3 Pack + 15 Pcs","3.68","3 Pack + 17 Pcs","-0.08","-2 Pcs",""
"2026-07-31","SUKA SHAWARMA DEPOK SUKMAJAYA","Rif'an","crew","31/7/2026, 22.17.43","finalized","DUS PACKING","kemasan","Pack","0","0 Pack","0","0 Pack","0","0 Pack",""
"2026-07-31","SUKA SHAWARMA DEPOK SUKMAJAYA","Rif'an","crew","31/7/2026, 22.17.43","finalized","ES BATU","minuman","Bal","0","0 Bal","0","0 Bal","0","0 Bal",""
"2026-07-31","SUKA SHAWARMA DEPOK SUKMAJAYA","Rif'an","crew","31/7/2026, 22.17.43","finalized","FOIL","kemasan","Dus","1.9166666666666667","1 Dus + 22 Roll","1.79577850877193","1 Dus + 19.1 Roll","0.1208881578947367","+2.9 Roll",""
"2026-07-31","SUKA SHAWARMA DEPOK SUKMAJAYA","Rif'an","crew","31/7/2026, 22.17.43","finalized","GAS 3Kg","item core","tabung","2","2 tabung","-1.2333333333333334","-1 tabung + 700 gram","3.2333333333333334","+3 tabung + 700 gram",""
"2026-07-31","SUKA SHAWARMA DEPOK SUKMAJAYA","Rif'an","crew","31/7/2026, 22.17.43","finalized","KEJU","item core","Dus","0.7125","17 Pack + 1 Lembar","0.6458333333333334","15 Pack + 5 Lembar","0.0666666666666666","+1 Pack + 6 Lembar",""
"2026-07-31","SUKA SHAWARMA DEPOK SUKMAJAYA","Rif'an","crew","31/7/2026, 22.17.43","finalized","KENTANG","item core","Dus","4.5","4 Dus + 5 Kg","-0.1725","-1 Kg + 725 Gram","4.6725","+4 Dus + 6 Kg + 725 Gram",""
"2026-07-31","SUKA SHAWARMA DEPOK SUKMAJAYA","Rif'an","crew","31/7/2026, 22.17.43","finalized","KERTAS STRUK","kemasan","pack","3.9","3 pack + 9 Roll","0","0 pack","3.9","+3 pack + 9 Roll",""
"2026-07-31","SUKA SHAWARMA DEPOK SUKMAJAYA","Rif'an","crew","31/7/2026, 22.17.43","finalized","KULIT 25","item core","Pack","26.05","26 Pack + 1 Lembar","19.95","19 Pack + 19 Lembar","6.1","+6 Pack + 2 Lembar",""
"2026-07-31","SUKA SHAWARMA DEPOK SUKMAJAYA","Rif'an","crew","31/7/2026, 22.17.43","finalized","KULIT 28","item core","Pack","16.65","16 Pack + 13 Lembar","17.05","17 Pack + 1 Lembar","-0.4","-8 Lembar",""
"2026-07-31","SUKA SHAWARMA DEPOK SUKMAJAYA","Rif'an","crew","31/7/2026, 22.17.43","finalized","KULIT 32","item core","Pack","15.45","15 Pack + 9 Lembar","15.15","15 Pack + 3 Lembar","0.3","+6 Lembar",""
"2026-07-31","SUKA SHAWARMA DEPOK SUKMAJAYA","Rif'an","crew","31/7/2026, 22.17.43","finalized","LETTUCE","item core","kg","2.261","2 kg + 261 gram","-12.64","-12 kg + 640 gram","14.901","+14 kg + 901 gram",""
"2026-07-31","SUKA SHAWARMA DEPOK SUKMAJAYA","Rif'an","crew","31/7/2026, 22.17.43","finalized","MAYONES","item core","Dus","1.5","1 Dus + 6 Kg","1.2866666666666664","1 Dus + 3 Kg + 5280 Gram","0.2133333333333336","+2 Kg + 6720 Gram",""
"2026-07-31","SUKA SHAWARMA DEPOK SUKMAJAYA","Rif'an","crew","31/7/2026, 22.17.43","finalized","MIE","lainnya","Dus","0","0 Dus","-0.1","-4 Bungkus","0.1","+4 Bungkus",""
"2026-07-31","SUKA SHAWARMA DEPOK SUKMAJAYA","Rif'an","crew","31/7/2026, 22.17.43","finalized","MINYAK","item core","kompan","1","1 kompan","1.008888888888889","1 kompan + 142.22 Gram","-0.008888888888889","-142.22 Gram",""
"2026-07-31","SUKA SHAWARMA DEPOK SUKMAJAYA","Rif'an","crew","31/7/2026, 22.17.43","finalized","PAPER WRAP","kemasan","Ikat","3.496","3 Ikat + 4 Pack + 480 Lembar","4.19","4 Ikat + 1 Pack + 450 Lembar","-0.694","-6 Pack + 470 Lembar",""
"2026-07-31","SUKA SHAWARMA DEPOK SUKMAJAYA","Rif'an","crew","31/7/2026, 22.17.43","finalized","PLASTIK BESAR","kemasan","Ikat","0.192","48 Lembar","0.04","10 Lembar","0.152","+38 Lembar",""
"2026-07-31","SUKA SHAWARMA DEPOK SUKMAJAYA","Rif'an","crew","31/7/2026, 22.17.43","finalized","PLASTIK KECIL","kemasan","Ikat","10.652","10 Ikat + 3 Pack + 13 Lembar","7.912","7 Ikat + 4 Pack + 28 Lembar","2.74","+2 Ikat + 3 Pack + 35 Lembar",""
"2026-07-31","SUKA SHAWARMA DEPOK SUKMAJAYA","Rif'an","crew","31/7/2026, 22.17.43","finalized","PLASTIK MERAH","kemasan","Ikat","0.26","1 Pack + 6 Lembar","-1.82","-1 Ikat + 4 Pack + 2 Lembar","2.08","+2 Ikat + 8 Lembar",""
"2026-07-31","SUKA SHAWARMA DEPOK SUKMAJAYA","Rif'an","crew","31/7/2026, 22.17.43","finalized","PLASTIK VACUM","kemasan","Dus","0","0 Dus","0","0 Dus","0","0 Dus",""
"2026-07-31","SUKA SHAWARMA DEPOK SUKMAJAYA","Rif'an","crew","31/7/2026, 22.17.43","finalized","PLASTIK VACUUM JUMBO","Lain-lain","Dus","0","0 Dus","0","0 Dus","0","0 Dus",""
"2026-07-31","SUKA SHAWARMA DEPOK SUKMAJAYA","Rif'an","crew","31/7/2026, 22.17.43","finalized","POLYBAG","kemasan","Ikat","0.36","1 Pack + 4 Lembar","0.6","3 Pack","-0.24","-1 Pack + 1 Lembar",""
"2026-07-31","SUKA SHAWARMA DEPOK SUKMAJAYA","Rif'an","crew","31/7/2026, 22.17.43","finalized","POWDER JERUK","minuman","Kg","0.482","482 Gram","0.465","465 Gram","0.017","+17 Gram",""
"2026-07-31","SUKA SHAWARMA DEPOK SUKMAJAYA","Rif'an","crew","31/7/2026, 22.17.43","finalized","POWDER TEH","minuman","Kg","0.848","848 Gram","0.785","785 Gram","0.063","+63 Gram",""
"2026-07-31","SUKA SHAWARMA DEPOK SUKMAJAYA","Rif'an","crew","31/7/2026, 22.17.43","finalized","SABUN","lainnya","pcs","0","0 pcs","1","1 pcs","-1","-1 pcs",""
"2026-07-31","SUKA SHAWARMA DEPOK SUKMAJAYA","Rif'an","crew","31/7/2026, 22.17.43","finalized","SAOS CABE","item core","Dus","0.7878787878787878","2 Kompan + 2000 Gram","0.9109090909090909","2 Kompan + 4030 Gram","-0.1230303030303031","-2030 Gram",""
"2026-07-31","SUKA SHAWARMA DEPOK SUKMAJAYA","Rif'an","crew","31/7/2026, 22.17.43","finalized","SAOS CABE POUCH","item core","Dus","0","0 Dus","0","0 Dus","0","0 Dus",""
"2026-07-31","SUKA SHAWARMA DEPOK SUKMAJAYA","Rif'an","crew","31/7/2026, 22.17.43","finalized","SAOS SAMYANG","bumbu","Dus","0.1","500 Gram","0.0755","377.5 Gram","0.0245","+122.5 Gram",""
"2026-07-31","SUKA SHAWARMA DEPOK SUKMAJAYA","Rif'an","crew","31/7/2026, 22.17.43","finalized","SAOS TOMAT","item core","Dus","1.2727272727272727","1 Dus + 3 Kg + 4500 Gram","1.2139393939393939","1 Dus + 2 Kg + 9360 Gram","0.0587878787878788","+11640 Gram",""
"2026-07-31","SUKA SHAWARMA DEPOK SUKMAJAYA","Rif'an","crew","31/7/2026, 22.17.43","finalized","SAOS TOMAT POUCH","item core","Dus","0","0 Dus","0","0 Dus","0","0 Dus",""
"2026-07-31","SUKA SHAWARMA DEPOK SUKMAJAYA","Rif'an","crew","31/7/2026, 22.17.43","finalized","SAPI","item core","Blok","9.5","9 Blok + 1 Kg","16.9275","16 Blok + 1 Kg + 855 Gram","-7.4275","-7 Blok + 855 Gram",""
"2026-07-31","SUKA SHAWARMA DEPOK SUKMAJAYA","Rif'an","crew","31/7/2026, 22.17.43","finalized","SARUNG TANGAN BENING","kemasan","pack","5.31","5 pack + 0.31 Lembar","8.32","8 pack + 0.32 Lembar","-3.01","-3 pack + 0.01 Lembar",""
"2026-07-31","SUKA SHAWARMA DEPOK SUKMAJAYA","Rif'an","crew","31/7/2026, 22.17.43","finalized","SEDOTAN","minuman","pack","0","0 pack","0","0 pack","0","0 pack",""
"2026-07-31","SUKA SHAWARMA DEPOK SUKMAJAYA","Rif'an","crew","31/7/2026, 22.17.43","finalized","STIKER","kemasan","Lembar","0","0 Lembar","0","0 Lembar","0","0 Lembar",""
"2026-07-31","SUKA SHAWARMA DEPOK SUKMAJAYA","Rif'an","crew","31/7/2026, 22.17.43","finalized","TEPUNG","bumbu","Kg","2","2 Kg","2","2 Kg","0","0 Kg",""
"2026-07-31","SUKA SHAWARMA DEPOK SUKMAJAYA","Rif'an","crew","31/7/2026, 22.17.43","finalized","TUM","item core","Kg","1","1 Kg","-0.003","-3 Gram","1.003","+1 Kg + 3 Gram",""
"2026-07-31","SUKA SHAWARMA DEPOK SUKMAJAYA","Rif'an","crew","31/7/2026, 22.17.43","finalized","TUTUP","minuman","Pack","3.68","3 Pack + 17 Pcs","3.68","3 Pack + 17 Pcs","0","0 Pack",""
"2026-07-31","SUKA SHAWARMA SAWANGAN","Adit","leader","31/7/2026, 22.31.35","finalized","AYAM","item core","Kg","30.76","30 Kg + 760 Gram","31.88","31 Kg + 880 Gram","-1.12","-1 Kg + 120 Gram",""
"2026-07-31","SUKA SHAWARMA SAWANGAN","Adit","leader","31/7/2026, 22.31.35","finalized","BAWANG","bumbu","Bal","0.0812","1 Kg + 624 Gram","0.1","2 Kg","-0.0188","-376 Gram",""
"2026-07-31","SUKA SHAWARMA SAWANGAN","Adit","leader","31/7/2026, 22.31.35","finalized","Cling Wrap","Lain-lain","Dus","0.1","2.4 Roll","2","2 Dus","-1.9","-1 Dus + 21.6 Roll",""
"2026-07-31","SUKA SHAWARMA SAWANGAN","Adit","leader","31/7/2026, 22.31.35","finalized","CUP","kemasan","Pack","4","4 Pack","4","4 Pack","0","0 Pack",""
"2026-07-31","SUKA SHAWARMA SAWANGAN","Adit","leader","31/7/2026, 22.31.35","finalized","DUS PACKING","kemasan","Pack","0","0 Pack","0","0 Pack","0","0 Pack",""
"2026-07-31","SUKA SHAWARMA SAWANGAN","Adit","leader","31/7/2026, 22.31.35","finalized","ES BATU","minuman","Bal","0","0 Bal","0","0 Bal","0","0 Bal",""
"2026-07-31","SUKA SHAWARMA SAWANGAN","Adit","leader","31/7/2026, 22.31.35","finalized","FOIL","kemasan","Dus","1.9830043859649122","1 Dus + 23.59 Roll","2.0910087719298245","2 Dus + 2.18 Roll","-0.1080043859649123","-2.59 Roll",""
"2026-07-31","SUKA SHAWARMA SAWANGAN","Adit","leader","31/7/2026, 22.31.35","finalized","GAS 3Kg","item core","tabung","3.0533333333333332","3 tabung + 160 gram","1.3900000000000001","1 tabung + 1170 gram","1.663333333333333","+1 tabung + 1990 gram",""
"2026-07-31","SUKA SHAWARMA SAWANGAN","Adit","leader","31/7/2026, 22.31.35","finalized","KEJU","item core","Dus","0.17916666666666667","4 Pack + 3 Lembar","0.21666666666666667","5 Pack + 2 Lembar","-0.0375","-9 Lembar",""
"2026-07-31","SUKA SHAWARMA SAWANGAN","Adit","leader","31/7/2026, 22.31.35","finalized","KENTANG","item core","Dus","5464","5464 Dus","3.3435","3 Dus + 3 Kg + 435 Gram","5460.6565","+5460 Dus + 6 Kg + 565 Gram",""
"2026-07-31","SUKA SHAWARMA SAWANGAN","Adit","leader","31/7/2026, 22.31.35","finalized","KERTAS STRUK","kemasan","pack","3.4","3 pack + 4 Roll","3.6","3 pack + 6 Roll","-0.2","-2 Roll",""
"2026-07-31","SUKA SHAWARMA SAWANGAN","Adit","leader","31/7/2026, 22.31.35","finalized","KULIT 25","item core","Pack","13.65","13 Pack + 13 Lembar","15","15 Pack","-1.35","-1 Pack + 7 Lembar",""
"2026-07-31","SUKA SHAWARMA SAWANGAN","Adit","leader","31/7/2026, 22.31.35","finalized","KULIT 28","item core","Pack","23.5","23 Pack + 10 Lembar","22.2","22 Pack + 4 Lembar","1.3","+1 Pack + 6 Lembar",""
"2026-07-31","SUKA SHAWARMA SAWANGAN","Adit","leader","31/7/2026, 22.31.35","finalized","KULIT 32","item core","Pack","12.65","12 Pack + 13 Lembar","14.1","14 Pack + 2 Lembar","-1.45","-1 Pack + 9 Lembar",""
"2026-07-31","SUKA SHAWARMA SAWANGAN","Adit","leader","31/7/2026, 22.31.35","finalized","LETTUCE","item core","kg","1.256","1 kg + 256 gram","-2.18","-2 kg + 180 gram","3.436","+3 kg + 436 gram",""
"2026-07-31","SUKA SHAWARMA SAWANGAN","Adit","leader","31/7/2026, 22.31.35","finalized","MAYONES","item core","Dus","1.7098333333333333","1 Dus + 8 Kg + 6216 Gram","0.8800000000000001","10 Kg + 6720 Gram","0.8298333333333332","+9 Kg + 11496 Gram",""
"2026-07-31","SUKA SHAWARMA SAWANGAN","Adit","leader","31/7/2026, 22.31.35","finalized","MIE","lainnya","Dus","0","0 Dus","0","0 Dus","0","0 Dus",""
"2026-07-31","SUKA SHAWARMA SAWANGAN","Adit","leader","31/7/2026, 22.31.35","finalized","MINYAK","item core","kompan","922.2222222222222","922 kompan + 3 Kg + 555.56 Gram","0.9441666666666667","15 Kg + 106.67 Gram","921.2780555555555","+921 kompan + 4 Kg + 448.89 Gram",""
"2026-07-31","SUKA SHAWARMA SAWANGAN","Adit","leader","31/7/2026, 22.31.35","finalized","PAPER WRAP","kemasan","Ikat","3.026","3 Ikat + 130 Lembar","2.926","2 Ikat + 9 Pack + 130 Lembar","0.1","+1 Pack",""
"2026-07-31","SUKA SHAWARMA SAWANGAN","Adit","leader","31/7/2026, 22.31.35","finalized","PLASTIK BESAR","kemasan","Ikat","0","0 Ikat","0","0 Ikat","0","0 Ikat",""
"2026-07-31","SUKA SHAWARMA SAWANGAN","Adit","leader","31/7/2026, 22.31.35","finalized","PLASTIK KECIL","kemasan","Ikat","1.408","1 Ikat + 2 Pack + 2 Lembar","1.44","1 Ikat + 2 Pack + 10 Lembar","-0.032","-8 Lembar",""
"2026-07-31","SUKA SHAWARMA SAWANGAN","Adit","leader","31/7/2026, 22.31.35","finalized","PLASTIK MERAH","kemasan","Ikat","0","0 Ikat","-0.37","-1 Pack + 17 Lembar","0.37","+1 Pack + 17 Lembar",""
"2026-07-31","SUKA SHAWARMA SAWANGAN","Adit","leader","31/7/2026, 22.31.35","finalized","PLASTIK VACUM","kemasan","Dus","0","0 Dus","0","0 Dus","0","0 Dus",""
"2026-07-31","SUKA SHAWARMA SAWANGAN","Adit","leader","31/7/2026, 22.31.35","finalized","PLASTIK VACUUM JUMBO","Lain-lain","Dus","0","0 Dus","0","0 Dus","0","0 Dus",""
"2026-07-31","SUKA SHAWARMA SAWANGAN","Adit","leader","31/7/2026, 22.31.35","finalized","POLYBAG","kemasan","Ikat","0.32","1 Pack + 3 Lembar","0.52","2 Pack + 3 Lembar","-0.2","-1 Pack",""
"2026-07-31","SUKA SHAWARMA SAWANGAN","Adit","leader","31/7/2026, 22.31.35","finalized","POWDER JERUK","minuman","Kg","1","1 Kg","1","1 Kg","0","0 Kg",""
"2026-07-31","SUKA SHAWARMA SAWANGAN","Adit","leader","31/7/2026, 22.31.35","finalized","POWDER TEH","minuman","Kg","1","1 Kg","1","1 Kg","0","0 Kg",""
"2026-07-31","SUKA SHAWARMA SAWANGAN","Adit","leader","31/7/2026, 22.31.35","finalized","SABUN","lainnya","pcs","0","0 pcs","0","0 pcs","0","0 pcs",""
"2026-07-31","SUKA SHAWARMA SAWANGAN","Adit","leader","31/7/2026, 22.31.35","finalized","SAOS CABE","item core","Dus","1.7835151515151515","1 Dus + 2 Kompan + 1928 Gram","1.9533333333333331","1 Dus + 2 Kompan + 4730 Gram","-0.1698181818181816","-2802 Gram",""
"2026-07-31","SUKA SHAWARMA SAWANGAN","Adit","leader","31/7/2026, 22.31.35","finalized","SAOS CABE POUCH","item core","Dus","0","0 Dus","0","0 Dus","0","0 Dus",""
"2026-07-31","SUKA SHAWARMA SAWANGAN","Adit","leader","31/7/2026, 22.31.35","finalized","SAOS SAMYANG","bumbu","Dus","0.075","375 Gram","0.075","375 Gram","0","0 Dus",""
"2026-07-31","SUKA SHAWARMA SAWANGAN","Adit","leader","31/7/2026, 22.31.35","finalized","SAOS TOMAT","item core","Dus","0.40606060606060607","4 Kg + 14400 Gram","0.2927272727272727","3 Kg + 8460 Gram","0.11333333333333337","+1 Kg + 5940 Gram",""
"2026-07-31","SUKA SHAWARMA SAWANGAN","Adit","leader","31/7/2026, 22.31.35","finalized","SAOS TOMAT POUCH","item core","Dus","4.104","4 Dus + 1 Kg + 248 Gram","0","0 Dus","4.104","+4 Dus + 1 Kg + 248 Gram",""
"2026-07-31","SUKA SHAWARMA SAWANGAN","Adit","leader","31/7/2026, 22.31.35","finalized","SAPI","item core","Blok","8.397","8 Blok + 794 Gram","10.3175","10 Blok + 635 Gram","-1.9205","-1 Blok + 1 Kg + 841 Gram",""
"2026-07-31","SUKA SHAWARMA SAWANGAN","Adit","leader","31/7/2026, 22.31.35","finalized","SARUNG TANGAN BENING","kemasan","pack","4.82","4 pack + 0.82 Lembar","10","10 pack","-5.18","-5 pack + 0.18 Lembar",""
"2026-07-31","SUKA SHAWARMA SAWANGAN","Adit","leader","31/7/2026, 22.31.35","finalized","STIKER","kemasan","Lembar","0","0 Lembar","0","0 Lembar","0","0 Lembar",""
"2026-07-31","SUKA SHAWARMA SAWANGAN","Adit","leader","31/7/2026, 22.31.35","finalized","TEPUNG","bumbu","Kg","4.867","4 Kg + 867 Gram","3.5","3 Kg + 500 Gram","1.367","+1 Kg + 367 Gram",""
"2026-07-31","SUKA SHAWARMA SAWANGAN","Adit","leader","31/7/2026, 22.31.35","finalized","TUM","item core","Kg","1.286","1 Kg + 286 Gram","1.045","1 Kg + 45 Gram","0.241","+241 Gram",""
"2026-07-31","SUKA SHAWARMA SAWANGAN","Adit","leader","31/7/2026, 22.31.35","finalized","TUTUP","minuman","Pack","4","4 Pack","4","4 Pack","0","0 Pack",""
"2026-07-31","MITRA CISEENG","Reno","crew","31/7/2026, 22.37.50","finalized","AYAM","item core","Kg","11.2","11 Kg + 200 Gram","12.84","12 Kg + 840 Gram","-1.64","-1 Kg + 640 Gram",""
"2026-07-31","MITRA CISEENG","Reno","crew","31/7/2026, 22.37.50","finalized","BAWANG","bumbu","Bal","0.05","1 Kg","0.025","500 Gram","0.025","+500 Gram",""
"2026-07-31","MITRA CISEENG","Reno","crew","31/7/2026, 22.37.50","finalized","FOIL","kemasan","Dus","1.1672149122807018","1 Dus + 4.01 Roll","1.3547149122807018","1 Dus + 8.51 Roll","-0.1875","-4.5 Roll",""
"2026-07-31","MITRA CISEENG","Reno","crew","31/7/2026, 22.37.50","finalized","GAS 3Kg","item core","tabung","3","3 tabung","2.4366666666666665","2 tabung + 1310 gram","0.5633333333333335","+1690 gram",""
"2026-07-31","MITRA CISEENG","Reno","crew","31/7/2026, 22.37.50","finalized","KEJU","item core","Dus","0.4625","11 Pack + 1 Lembar","0.5083333333333333","12 Pack + 2 Lembar","-0.0458333333333333","-1 Pack + 1 Lembar",""
"2026-07-31","MITRA CISEENG","Reno","crew","31/7/2026, 22.37.50","finalized","KENTANG","item core","Dus","20","20 Dus","1.56425","1 Dus + 5 Kg + 642.5 Gram","18.43575","+18 Dus + 4 Kg + 357.5 Gram",""
"2026-07-31","MITRA CISEENG","Reno","crew","31/7/2026, 22.37.50","finalized","KERTAS STRUK","kemasan","pack","3","3 pack","3.1","3 pack + 1 Roll","-0.1","-1 Roll",""
"2026-07-31","MITRA CISEENG","Reno","crew","31/7/2026, 22.37.50","finalized","KULIT 25","item core","Pack","20.25","20 Pack + 5 Lembar","21.2","21 Pack + 4 Lembar","-0.95","-19 Lembar",""
"2026-07-31","MITRA CISEENG","Reno","crew","31/7/2026, 22.37.50","finalized","KULIT 28","item core","Pack","14.4","14 Pack + 8 Lembar","14.25","14 Pack + 5 Lembar","0.15","+3 Lembar",""
"2026-07-31","MITRA CISEENG","Reno","crew","31/7/2026, 22.37.50","finalized","KULIT 32","item core","Pack","12.15","12 Pack + 3 Lembar","12.65","12 Pack + 13 Lembar","-0.5","-10 Lembar",""
"2026-07-31","MITRA CISEENG","Reno","crew","31/7/2026, 22.37.50","finalized","LETTUCE","item core","kg","10","10 kg","-0.825","-825 gram","10.825","+10 kg + 825 gram",""
"2026-07-31","MITRA CISEENG","Reno","crew","31/7/2026, 22.37.50","finalized","MAYONES","item core","Dus","2.3583333333333334","2 Dus + 4 Kg + 3600 Gram","2.3808333333333334","2 Dus + 4 Kg + 6840 Gram","-0.0225","-3240 Gram",""
"2026-07-31","MITRA CISEENG","Reno","crew","31/7/2026, 22.37.50","finalized","MINYAK","item core","kompan","1","1 kompan","0.9977777777777778","15 Kg + 964.44 Gram","0.0022222222222222","+35.56 Gram",""
"2026-07-31","MITRA CISEENG","Reno","crew","31/7/2026, 22.37.50","finalized","PAPER WRAP","kemasan","Ikat","4.0600000000000005","4 Ikat + 300 Lembar","4.028","4 Ikat + 140 Lembar","0.0320000000000005","+160 Lembar",""
"2026-07-31","MITRA CISEENG","Reno","crew","31/7/2026, 22.37.50","finalized","PLASTIK BESAR","kemasan","Ikat","0.8","4 Pack","1.024","1 Ikat + 6 Lembar","-0.224","-1 Pack + 6 Lembar",""
"2026-07-31","MITRA CISEENG","Reno","crew","31/7/2026, 22.37.50","finalized","PLASTIK MERAH","kemasan","Ikat","0.4","2 Pack","0.05","5 Lembar","0.35","+1 Pack + 15 Lembar",""
"2026-07-31","MITRA CISEENG","Reno","crew","31/7/2026, 22.37.50","finalized","POLYBAG","kemasan","Ikat","0.4","2 Pack","0.4","2 Pack","0","0 Ikat",""
"2026-07-31","MITRA CISEENG","Reno","crew","31/7/2026, 22.37.50","finalized","SABUN","lainnya","pcs","2","2 pcs","0","0 pcs","2","+2 pcs",""
"2026-07-31","MITRA CISEENG","Reno","crew","31/7/2026, 22.37.50","finalized","SAOS CABE","item core","Dus","1.3335501818181819","1 Dus + 1 Kompan + 3.58 Gram","1.6424242424242426","1 Dus + 1 Kompan + 5100 Gram","-0.3088740606060607","-5096.42 Gram",""
"2026-07-31","MITRA CISEENG","Reno","crew","31/7/2026, 22.37.50","finalized","SAOS SAMYANG","bumbu","Dus","0.0875","437.5 Gram","0.059","295 Gram","0.0285","+142.5 Gram",""
"2026-07-31","MITRA CISEENG","Reno","crew","31/7/2026, 22.37.50","finalized","SAOS TOMAT","item core","Dus","0.7272727272727273","8 Kg + 12000 Gram","0.8818181818181818","10 Kg + 9600 Gram","-0.1545454545454545","-1 Kg + 14100 Gram",""
"2026-07-31","MITRA CISEENG","Reno","crew","31/7/2026, 22.37.50","finalized","SAPI","item core","Blok","11.1","11 Blok + 200 Gram","5.58","5 Blok + 1 Kg + 160 Gram","5.52","+5 Blok + 1 Kg + 40 Gram",""
"2026-07-31","MITRA CISEENG","Reno","crew","31/7/2026, 22.37.50","finalized","SARUNG TANGAN BENING","kemasan","pack","8.11","8 pack + 0.11 Lembar","8.39","8 pack + 0.39 Lembar","-0.28","-0.28 Lembar",""
"2026-07-31","MITRA CISEENG","Reno","crew","31/7/2026, 22.37.50","finalized","TEPUNG","bumbu","Kg","2.5","2 Kg + 500 Gram","2.9","2 Kg + 900 Gram","-0.4","-400 Gram",""
"2026-07-31","MITRA CISEENG","Reno","crew","31/7/2026, 22.37.50","finalized","TUM","item core","Kg","2.5","2 Kg + 500 Gram","2.765","2 Kg + 765 Gram","-0.265","-265 Gram",""
"2026-07-31","SUKA SHAWARMA BEJI","Rian","crew","31/7/2026, 22.37.51","finalized","AYAM","item core","Kg","25.306","25 Kg + 306 Gram","25.975","25 Kg + 975 Gram","-0.669","-669 Gram",""
"2026-07-31","SUKA SHAWARMA BEJI","Rian","crew","31/7/2026, 22.37.51","finalized","BAWANG","bumbu","Bal","0.0298","596 Gram","0.0489","978 Gram","-0.0191","-382 Gram",""
"2026-07-31","SUKA SHAWARMA BEJI","Rian","crew","31/7/2026, 22.37.51","finalized","Cling Wrap","Lain-lain","Dus","4","4 Dus","4","4 Dus","0","0 Dus",""
"2026-07-31","SUKA SHAWARMA BEJI","Rian","crew","31/7/2026, 22.37.51","finalized","CUP","kemasan","Pack","4","4 Pack","4","4 Pack","0","0 Pack",""
"2026-07-31","SUKA SHAWARMA BEJI","Rian","crew","31/7/2026, 22.37.51","finalized","DUS PACKING","kemasan","Pack","0","0 Pack","0","0 Pack","0","0 Pack",""
"2026-07-31","SUKA SHAWARMA BEJI","Rian","crew","31/7/2026, 22.37.51","finalized","ES BATU","minuman","Bal","0","0 Bal","0","0 Bal","0","0 Bal",""
"2026-07-31","SUKA SHAWARMA BEJI","Rian","crew","31/7/2026, 22.37.51","finalized","FOIL","kemasan","Dus","1.125","1 Dus + 3 Roll","1.1428179824561404","1 Dus + 3.43 Roll","-0.0178179824561404","-0.43 Roll",""
"2026-07-31","SUKA SHAWARMA BEJI","Rian","crew","31/7/2026, 22.37.51","finalized","GAS 3Kg","item core","tabung","2","2 tabung","1.885","1 tabung + 2655 gram","0.115","+345 gram",""
"2026-07-31","SUKA SHAWARMA BEJI","Rian","crew","31/7/2026, 22.37.51","finalized","KEJU","item core","Dus","0.5958333333333333","14 Pack + 3 Lembar","0.2833333333333333","6 Pack + 8 Lembar","0.3125","+7 Pack + 5 Lembar",""
"2026-07-31","SUKA SHAWARMA BEJI","Rian","crew","31/7/2026, 22.37.51","finalized","KENTANG","item core","Dus","8.75","8 Dus + 7 Kg + 500 Gram","14.44625","14 Dus + 4 Kg + 462.5 Gram","-5.69625","-5 Dus + 6 Kg + 962.5 Gram",""
"2026-07-31","SUKA SHAWARMA BEJI","Rian","crew","31/7/2026, 22.37.51","finalized","KERTAS STRUK","kemasan","pack","8.3","8 pack + 3 Roll","6.3","6 pack + 3 Roll","2","+2 pack",""
"2026-07-31","SUKA SHAWARMA BEJI","Rian","crew","31/7/2026, 22.37.51","finalized","KULIT 25","item core","Pack","15.7","15 Pack + 14 Lembar","18.95","18 Pack + 19 Lembar","-3.25","-3 Pack + 5 Lembar",""
"2026-07-31","SUKA SHAWARMA BEJI","Rian","crew","31/7/2026, 22.37.51","finalized","KULIT 28","item core","Pack","16.65","16 Pack + 13 Lembar","14.4","14 Pack + 8 Lembar","2.25","+2 Pack + 5 Lembar",""
"2026-07-31","SUKA SHAWARMA BEJI","Rian","crew","31/7/2026, 22.37.51","finalized","KULIT 32","item core","Pack","15.8","15 Pack + 16 Lembar","15.55","15 Pack + 11 Lembar","0.25","+5 Lembar",""
"2026-07-31","SUKA SHAWARMA BEJI","Rian","crew","31/7/2026, 22.37.51","finalized","LETTUCE","item core","kg","0","0 kg","-2.595","-2 kg + 595 gram","2.595","+2 kg + 595 gram",""
"2026-07-31","SUKA SHAWARMA BEJI","Rian","crew","31/7/2026, 22.37.51","finalized","MAYONES","item core","Dus","2.117","2 Dus + 1 Kg + 4848 Gram","1.5616666666666668","1 Dus + 6 Kg + 8880 Gram","0.5553333333333332","+6 Kg + 7968 Gram",""
"2026-07-31","SUKA SHAWARMA BEJI","Rian","crew","31/7/2026, 22.37.51","finalized","MIE","lainnya","Dus","0","0 Dus","0","0 Dus","0","0 Dus",""
"2026-07-31","SUKA SHAWARMA BEJI","Rian","crew","31/7/2026, 22.37.51","finalized","MINYAK","item core","kompan","1.3555555555555556","1 kompan + 5 Kg + 688.89 Gram","1.3902777777777777","1 kompan + 6 Kg + 244.44 Gram","-0.0347222222222221","-555.56 Gram",""
"2026-07-31","SUKA SHAWARMA BEJI","Rian","crew","31/7/2026, 22.37.51","finalized","PAPER WRAP","kemasan","Ikat","0.234","2 Pack + 170 Lembar","-0.034","-170 Lembar","0.268","+2 Pack + 340 Lembar",""
"2026-07-31","SUKA SHAWARMA BEJI","Rian","crew","31/7/2026, 22.37.51","finalized","PLASTIK BESAR","kemasan","Ikat","2","2 Ikat","2.4","2 Ikat + 2 Pack","-0.4","-2 Pack",""
"2026-07-31","SUKA SHAWARMA BEJI","Rian","crew","31/7/2026, 22.37.51","finalized","PLASTIK KECIL","kemasan","Ikat","0","0 Ikat","0","0 Ikat","0","0 Ikat",""
"2026-07-31","SUKA SHAWARMA BEJI","Rian","crew","31/7/2026, 22.37.51","finalized","PLASTIK MERAH","kemasan","Ikat","0.2","1 Pack","-0.47","-2 Pack + 7 Lembar","0.67","+3 Pack + 7 Lembar",""
"2026-07-31","SUKA SHAWARMA BEJI","Rian","crew","31/7/2026, 22.37.51","finalized","PLASTIK VACUM","kemasan","Dus","0","0 Dus","0","0 Dus","0","0 Dus",""
"2026-07-31","SUKA SHAWARMA BEJI","Rian","crew","31/7/2026, 22.37.51","finalized","PLASTIK VACUUM JUMBO","Lain-lain","Dus","0","0 Dus","0","0 Dus","0","0 Dus",""
"2026-07-31","SUKA SHAWARMA BEJI","Rian","crew","31/7/2026, 22.37.51","finalized","POLYBAG","kemasan","Ikat","0.68","3 Pack + 2 Lembar","0.4","2 Pack","0.28","+1 Pack + 2 Lembar",""
"2026-07-31","SUKA SHAWARMA BEJI","Rian","crew","31/7/2026, 22.37.51","finalized","POWDER JERUK","minuman","Kg","1","1 Kg","1","1 Kg","0","0 Kg",""
"2026-07-31","SUKA SHAWARMA BEJI","Rian","crew","31/7/2026, 22.37.51","finalized","POWDER TEH","minuman","Kg","1","1 Kg","1","1 Kg","0","0 Kg",""
"2026-07-31","SUKA SHAWARMA BEJI","Rian","crew","31/7/2026, 22.37.51","finalized","SABUN","lainnya","pcs","0","0 pcs","3","3 pcs","-3","-3 pcs",""
"2026-07-31","SUKA SHAWARMA BEJI","Rian","crew","31/7/2026, 22.37.51","finalized","SAOS CABE","item core","Dus","1.054060606060606","1 Dus + 892 Gram","0.5909090909090909","1 Kompan + 4250 Gram","0.4631515151515151","+1 Kompan + 2142 Gram",""
"2026-07-31","SUKA SHAWARMA BEJI","Rian","crew","31/7/2026, 22.37.51","finalized","SAOS CABE POUCH","item core","Dus","0.008","96 Gram","0","0 Dus","0.008","+96 Gram",""
"2026-07-31","SUKA SHAWARMA BEJI","Rian","crew","31/7/2026, 22.37.51","finalized","SAOS SAMYANG","bumbu","Dus","0.0125","62.5 Gram","0.006999999999999998","35 Gram","0.005500000000000002","+27.5 Gram",""
"2026-07-31","SUKA SHAWARMA BEJI","Rian","crew","31/7/2026, 22.37.51","finalized","SAOS TOMAT","item core","Dus","0.6669090909090909","8 Kg + 48 Gram","1.075757575757576","1 Dus + 15000 Gram","-0.4088484848484851","-4 Kg + 14952 Gram",""
"2026-07-31","SUKA SHAWARMA BEJI","Rian","crew","31/7/2026, 22.37.51","finalized","SAPI","item core","Blok","13.65","13 Blok + 1 Kg + 300 Gram","6.57","6 Blok + 1 Kg + 140 Gram","7.08","+7 Blok + 160 Gram",""
"2026-07-31","SUKA SHAWARMA BEJI","Rian","crew","31/7/2026, 22.37.51","finalized","SARUNG TANGAN BENING","kemasan","pack","16","16 pack","9","9 pack","7","+7 pack",""
"2026-07-31","SUKA SHAWARMA BEJI","Rian","crew","31/7/2026, 22.37.51","finalized","SEDOTAN","minuman","pack","0","0 pack","0","0 pack","0","0 pack",""
"2026-07-31","SUKA SHAWARMA BEJI","Rian","crew","31/7/2026, 22.37.51","finalized","STIKER","kemasan","Lembar","0","0 Lembar","0","0 Lembar","0","0 Lembar",""
"2026-07-31","SUKA SHAWARMA BEJI","Rian","crew","31/7/2026, 22.37.51","finalized","TEPUNG","bumbu","Kg","2.734","2 Kg + 734 Gram","4.8","4 Kg + 800 Gram","-2.066","-2 Kg + 66 Gram",""
"2026-07-31","SUKA SHAWARMA BEJI","Rian","crew","31/7/2026, 22.37.51","finalized","TUM","item core","Kg","2.065","2 Kg + 65 Gram","0.43","430 Gram","1.635","+1 Kg + 635 Gram",""
"2026-07-31","SUKA SHAWARMA BEJI","Rian","crew","31/7/2026, 22.37.51","finalized","TUTUP","minuman","Pack","2","2 Pack","2","2 Pack","0","0 Pack",""
"2026-07-31","MITRA PALEDANG","Agung","crew","31/7/2026, 22.49.50","finalized","AYAM","item core","Kg","4.3100000000000005","4 Kg + 310 Gram","4.02","4 Kg + 20 Gram","0.2900000000000005","+290 Gram",""
"2026-07-31","MITRA PALEDANG","Agung","crew","31/7/2026, 22.49.50","finalized","BAWANG","bumbu","Bal","0","0 Bal","0","0 Bal","0","0 Bal",""
"2026-07-31","MITRA PALEDANG","Agung","crew","31/7/2026, 22.49.50","finalized","CUP","kemasan","Pack","3.92","3 Pack + 23 Pcs","0","0 Pack","3.92","+3 Pack + 23 Pcs",""
"2026-07-31","MITRA PALEDANG","Agung","crew","31/7/2026, 22.49.50","finalized","ES BATU","minuman","Bal","7.05","7 Bal + 1 Kg","1.984","1 Bal + 19 Kg + 680 Gram","5.066","+5 Bal + 1 Kg + 320 Gram",""
"2026-07-31","MITRA PALEDANG","Agung","crew","31/7/2026, 22.49.50","finalized","FOIL","kemasan","Dus","1.1666666666666667","1 Dus + 4 Roll","1.1417214912280702","1 Dus + 3.4 Roll","0.0249451754385965","+0.6 Roll",""
"2026-07-31","MITRA PALEDANG","Agung","crew","31/7/2026, 22.49.50","finalized","GAS 3Kg","item core","tabung","4.585666666666667","4 tabung + 1757 gram","-0.11500000000000003","-345 gram","4.700666666666667","+4 tabung + 2102 gram",""
"2026-07-31","MITRA PALEDANG","Agung","crew","31/7/2026, 22.49.50","finalized","KEJU","item core","Dus","0.9416666666666667","22 Pack + 6 Lembar","0.9458333333333334","22 Pack + 7 Lembar","-0.0041666666666667","-1 Lembar",""
"2026-07-31","MITRA PALEDANG","Agung","crew","31/7/2026, 22.49.50","finalized","KENTANG","item core","Dus","2.25","2 Dus + 2 Kg + 500 Gram","0.71975","7 Kg + 197.5 Gram","1.53025","+1 Dus + 5 Kg + 302.5 Gram",""
"2026-07-31","MITRA PALEDANG","Agung","crew","31/7/2026, 22.49.50","finalized","KERTAS STRUK","kemasan","pack","50","50 pack","49","49 pack","1","+1 pack",""
"2026-07-31","MITRA PALEDANG","Agung","crew","31/7/2026, 22.49.50","finalized","KULIT 25","item core","Pack","5.75","5 Pack + 15 Lembar","5.35","5 Pack + 7 Lembar","0.4","+8 Lembar",""
"2026-07-31","MITRA PALEDANG","Agung","crew","31/7/2026, 22.49.50","finalized","KULIT 28","item core","Pack","3.6","3 Pack + 12 Lembar","3.8","3 Pack + 16 Lembar","-0.2","-4 Lembar",""
"2026-07-31","MITRA PALEDANG","Agung","crew","31/7/2026, 22.49.50","finalized","KULIT 32","item core","Pack","3.15","3 Pack + 3 Lembar","2.95","2 Pack + 19 Lembar","0.2","+4 Lembar",""
"2026-07-31","MITRA PALEDANG","Agung","crew","31/7/2026, 22.49.50","finalized","LETTUCE","item core","kg","4.8","4 kg + 800 gram","3.34","3 kg + 340 gram","1.46","+1 kg + 460 gram",""
"2026-07-31","MITRA PALEDANG","Agung","crew","31/7/2026, 22.49.50","finalized","MAYONES","item core","Dus","0.5166666666666667","6 Kg + 2400 Gram","0.5475000000000001","6 Kg + 6840 Gram","-0.0308333333333334","-4440 Gram",""
"2026-07-31","MITRA PALEDANG","Agung","crew","31/7/2026, 22.49.50","finalized","MINYAK","item core","kompan","1.25","1 kompan + 4 Kg","0.9469444444444445","15 Kg + 151.11 Gram","0.3030555555555555","+4 Kg + 848.89 Gram",""
"2026-07-31","MITRA PALEDANG","Agung","crew","31/7/2026, 22.49.50","finalized","PAPER WRAP","kemasan","Ikat","1.54","1 Ikat + 5 Pack + 200 Lembar","0.936","9 Pack + 180 Lembar","0.604","+6 Pack + 20 Lembar",""
"2026-07-31","MITRA PALEDANG","Agung","crew","31/7/2026, 22.49.50","finalized","PLASTIK BESAR","kemasan","Ikat","0.88","4 Pack + 20 Lembar","1.2","1 Ikat + 1 Pack","-0.32","-1 Pack + 30 Lembar",""
"2026-07-31","MITRA PALEDANG","Agung","crew","31/7/2026, 22.49.50","finalized","PLASTIK KECIL","kemasan","Ikat","0","0 Ikat","0","0 Ikat","0","0 Ikat",""
"2026-07-31","MITRA PALEDANG","Agung","crew","31/7/2026, 22.49.50","finalized","PLASTIK MERAH","kemasan","Ikat","0.25","1 Pack + 5 Lembar","-0.48","-2 Pack + 8 Lembar","0.73","+3 Pack + 13 Lembar",""
"2026-07-31","MITRA PALEDANG","Agung","crew","31/7/2026, 22.49.50","finalized","PLASTIK VACUM","kemasan","Dus","0","0 Dus","0","0 Dus","0","0 Dus",""
"2026-07-31","MITRA PALEDANG","Agung","crew","31/7/2026, 22.49.50","finalized","PLASTIK VACUUM JUMBO","Lain-lain","Dus","0","0 Dus","0","0 Dus","0","0 Dus",""
"2026-07-31","MITRA PALEDANG","Agung","crew","31/7/2026, 22.49.50","finalized","POLYBAG","kemasan","Ikat","0.24","1 Pack + 1 Lembar","0.2","1 Pack","0.04","+1 Lembar",""
"2026-07-31","MITRA PALEDANG","Agung","crew","31/7/2026, 22.49.50","finalized","POWDER JERUK","minuman","Kg","1","1 Kg","1","1 Kg","0","0 Kg",""
"2026-07-31","MITRA PALEDANG","Agung","crew","31/7/2026, 22.49.50","finalized","POWDER TEH","minuman","Kg","0.94","940 Gram","0.96","960 Gram","-0.02","-20 Gram",""
"2026-07-31","MITRA PALEDANG","Agung","crew","31/7/2026, 22.49.50","finalized","SABUN","lainnya","pcs","0","0 pcs","0","0 pcs","0","0 pcs",""
"2026-07-31","MITRA PALEDANG","Agung","crew","31/7/2026, 22.49.50","finalized","SAOS CABE","item core","Dus","1","1 Dus","0.8657575757575757","2 Kompan + 3285 Gram","0.1342424242424243","+2215 Gram",""
"2026-07-31","MITRA PALEDANG","Agung","crew","31/7/2026, 22.49.50","finalized","SAOS CABE POUCH","item core","Dus","0","0 Dus","0","0 Dus","0","0 Dus",""
"2026-07-31","MITRA PALEDANG","Agung","crew","31/7/2026, 22.49.50","finalized","SAOS SAMYANG","bumbu","Dus","0.092","460 Gram","0.1","500 Gram","-0.008","-40 Gram",""
"2026-07-31","MITRA PALEDANG","Agung","crew","31/7/2026, 22.49.50","finalized","SAOS TOMAT","item core","Dus","0.6957575757575758","8 Kg + 5760 Gram","0.5021212121212122","6 Kg + 420 Gram","0.1936363636363636","+2 Kg + 5340 Gram",""
"2026-07-31","MITRA PALEDANG","Agung","crew","31/7/2026, 22.49.50","finalized","SAOS TOMAT POUCH","item core","Dus","0","0 Dus","0","0 Dus","0","0 Dus",""
"2026-07-31","MITRA PALEDANG","Agung","crew","31/7/2026, 22.49.50","finalized","SAPI","item core","Blok","9.095","9 Blok + 190 Gram","4.81","4 Blok + 1 Kg + 620 Gram","4.285","+4 Blok + 570 Gram",""
"2026-07-31","MITRA PALEDANG","Agung","crew","31/7/2026, 22.49.50","finalized","SARUNG TANGAN BENING","kemasan","pack","5.31","5 pack + 0.31 Lembar","5","5 pack","0.31","+0.31 Lembar",""
"2026-07-31","MITRA PALEDANG","Agung","crew","31/7/2026, 22.49.50","finalized","SEDOTAN","minuman","pack","0","0 pack","0","0 pack","0","0 pack",""
"2026-07-31","MITRA PALEDANG","Agung","crew","31/7/2026, 22.49.50","finalized","STIKER","kemasan","Lembar","0","0 Lembar","-0.01","-0.54 Pcs","0.01","+0.54 Pcs",""
"2026-07-31","MITRA PALEDANG","Agung","crew","31/7/2026, 22.49.50","finalized","TEPUNG","bumbu","Kg","2","2 Kg","2","2 Kg","0","0 Kg",""
"2026-07-31","MITRA PALEDANG","Agung","crew","31/7/2026, 22.49.50","finalized","TUM","item core","Kg","0","0 Kg","-0.585","-585 Gram","0.585","+585 Gram",""
"2026-07-31","MITRA PALEDANG","Agung","crew","31/7/2026, 22.49.50","finalized","TUTUP","minuman","Pack","2.96","2 Pack + 24 Pcs","1","1 Pack","1.96","+1 Pack + 24 Pcs",""
"2026-07-31","SUKA SHAWARMA DRAMAGA","Noval","crew","31/7/2026, 22.51.03","finalized","AYAM","item core","Kg","6","6 Kg","9.685","9 Kg + 685 Gram","-3.685","-3 Kg + 685 Gram",""
"2026-07-31","SUKA SHAWARMA DRAMAGA","Noval","crew","31/7/2026, 22.51.03","finalized","BAWANG","bumbu","Bal","0.0393","786 Gram","0.05","1 Kg","-0.0107","-214 Gram",""
"2026-07-31","SUKA SHAWARMA DRAMAGA","Noval","crew","31/7/2026, 22.51.03","finalized","Cling Wrap","Lain-lain","Dus","0","0 Dus","0","0 Dus","0","0 Dus",""
"2026-07-31","SUKA SHAWARMA DRAMAGA","Noval","crew","31/7/2026, 22.51.03","finalized","CUP","kemasan","Pack","4","4 Pack","4","4 Pack","0","0 Pack",""
"2026-07-31","SUKA SHAWARMA DRAMAGA","Noval","crew","31/7/2026, 22.51.03","finalized","DUS PACKING","kemasan","Pack","0","0 Pack","0","0 Pack","0","0 Pack",""
"2026-07-31","SUKA SHAWARMA DRAMAGA","Noval","crew","31/7/2026, 22.51.03","finalized","ES BATU","minuman","Bal","0","0 Bal","0","0 Bal","0","0 Bal",""
"2026-07-31","SUKA SHAWARMA DRAMAGA","Noval","crew","31/7/2026, 22.51.03","finalized","FOIL","kemasan","Dus","4.506578947368421","4 Dus + 12.16 Roll","0.5520833333333333","13.25 Roll","3.9544956140350878","+3 Dus + 22.91 Roll",""
"2026-07-31","SUKA SHAWARMA DRAMAGA","Noval","crew","31/7/2026, 22.51.03","finalized","GAS 3Kg","item core","tabung","1.5666666666666667","1 tabung + 1700 gram","0.49999999999999994","1500 gram","1.0666666666666667","+1 tabung + 200 gram",""
"2026-07-31","SUKA SHAWARMA DRAMAGA","Noval","crew","31/7/2026, 22.51.03","finalized","KEJU","item core","Dus","1.1291666666666667","1 Dus + 3 Pack + 1 Lembar","1.1416666666666666","1 Dus + 3 Pack + 4 Lembar","-0.0124999999999999","-3 Lembar",""
"2026-07-31","SUKA SHAWARMA DRAMAGA","Noval","crew","31/7/2026, 22.51.03","finalized","KENTANG","item core","Dus","2.75","2 Dus + 7 Kg + 500 Gram","0.103","1 Kg + 30 Gram","2.647","+2 Dus + 6 Kg + 470 Gram",""
"2026-07-31","SUKA SHAWARMA DRAMAGA","Noval","crew","31/7/2026, 22.51.03","finalized","KERTAS STRUK","kemasan","pack","4.2","4 pack + 2 Roll","4.4","4 pack + 4 Roll","-0.2","-2 Roll",""
"2026-07-31","SUKA SHAWARMA DRAMAGA","Noval","crew","31/7/2026, 22.51.03","finalized","KULIT 25","item core","Pack","8.6","8 Pack + 12 Lembar","7.6","7 Pack + 12 Lembar","1","+1 Pack",""
"2026-07-31","SUKA SHAWARMA DRAMAGA","Noval","crew","31/7/2026, 22.51.03","finalized","KULIT 28","item core","Pack","6.2","6 Pack + 4 Lembar","7.2","7 Pack + 4 Lembar","-1","-1 Pack",""
"2026-07-31","SUKA SHAWARMA DRAMAGA","Noval","crew","31/7/2026, 22.51.03","finalized","KULIT 32","item core","Pack","13.55","13 Pack + 11 Lembar","13.85","13 Pack + 17 Lembar","-0.3","-6 Lembar",""
"2026-07-31","SUKA SHAWARMA DRAMAGA","Noval","crew","31/7/2026, 22.51.03","finalized","LETTUCE","item core","kg","5.5","5 kg + 500 gram","6.82","6 kg + 820 gram","-1.32","-1 kg + 320 gram",""
"2026-07-31","SUKA SHAWARMA DRAMAGA","Noval","crew","31/7/2026, 22.51.03","finalized","MAYONES","item core","Dus","0.4583333333333333","5 Kg + 6000 Gram","0.6858333333333333","8 Kg + 2760 Gram","-0.2275","-2 Kg + 8760 Gram",""
"2026-07-31","SUKA SHAWARMA DRAMAGA","Noval","crew","31/7/2026, 22.51.03","finalized","MIE","lainnya","Dus","0","0 Dus","0","0 Dus","0","0 Dus",""
"2026-07-31","SUKA SHAWARMA DRAMAGA","Noval","crew","31/7/2026, 22.51.03","finalized","MINYAK","item core","kompan","0.16666666666666666","2 Kg + 666.67 Gram","0.29999999999999993","4 Kg + 800 Gram","-0.13333333333333328","-2 Kg + 133.33 Gram",""
"2026-07-31","SUKA SHAWARMA DRAMAGA","Noval","crew","31/7/2026, 22.51.03","finalized","PAPER WRAP","kemasan","Ikat","5","5 Ikat","4.834","4 Ikat + 8 Pack + 170 Lembar","0.166","+1 Pack + 330 Lembar",""
"2026-07-31","SUKA SHAWARMA DRAMAGA","Noval","crew","31/7/2026, 22.51.03","finalized","PLASTIK BESAR","kemasan","Ikat","3.904","3 Ikat + 4 Pack + 26 Lembar","3.56","3 Ikat + 2 Pack + 40 Lembar","0.344","+1 Pack + 36 Lembar",""
"2026-07-31","SUKA SHAWARMA DRAMAGA","Noval","crew","31/7/2026, 22.51.03","finalized","PLASTIK KECIL","kemasan","Ikat","1.712","1 Ikat + 3 Pack + 28 Lembar","1","1 Ikat","0.712","+3 Pack + 28 Lembar",""
"2026-07-31","SUKA SHAWARMA DRAMAGA","Noval","crew","31/7/2026, 22.51.03","finalized","PLASTIK MERAH","kemasan","Ikat","0.65","3 Pack + 5 Lembar","-0.26","-1 Pack + 6 Lembar","0.91","+4 Pack + 11 Lembar",""
"2026-07-31","SUKA SHAWARMA DRAMAGA","Noval","crew","31/7/2026, 22.51.03","finalized","PLASTIK VACUM","kemasan","Dus","0","0 Dus","0","0 Dus","0","0 Dus",""
"2026-07-31","SUKA SHAWARMA DRAMAGA","Noval","crew","31/7/2026, 22.51.03","finalized","PLASTIK VACUUM JUMBO","Lain-lain","Dus","0","0 Dus","0","0 Dus","0","0 Dus",""
"2026-07-31","SUKA SHAWARMA DRAMAGA","Noval","crew","31/7/2026, 22.51.03","finalized","POLYBAG","kemasan","Ikat","0.28","1 Pack + 2 Lembar","0.32","1 Pack + 3 Lembar","-0.04","-1 Lembar",""
"2026-07-31","SUKA SHAWARMA DRAMAGA","Noval","crew","31/7/2026, 22.51.03","finalized","POWDER JERUK","minuman","Kg","1","1 Kg","1","1 Kg","0","0 Kg",""
"2026-07-31","SUKA SHAWARMA DRAMAGA","Noval","crew","31/7/2026, 22.51.03","finalized","POWDER TEH","minuman","Kg","1","1 Kg","1","1 Kg","0","0 Kg",""
"2026-07-31","SUKA SHAWARMA DRAMAGA","Noval","crew","31/7/2026, 22.51.03","finalized","SABUN","lainnya","pcs","0.4","0.4 Ml","0","0 pcs","0.4","+0.4 Ml",""
"2026-07-31","SUKA SHAWARMA DRAMAGA","Noval","crew","31/7/2026, 22.51.03","finalized","SAOS CABE","item core","Dus","1.4242424242424243","1 Dus + 1 Kompan + 1500 Gram","0.703939393939394","2 Kompan + 615 Gram","0.7203030303030303","+2 Kompan + 885 Gram",""
"2026-07-31","SUKA SHAWARMA DRAMAGA","Noval","crew","31/7/2026, 22.51.03","finalized","SAOS CABE POUCH","item core","Dus","0","0 Dus","0","0 Dus","0","0 Dus",""
"2026-07-31","SUKA SHAWARMA DRAMAGA","Noval","crew","31/7/2026, 22.51.03","finalized","SAOS SAMYANG","bumbu","Dus","0.1125","562.5 Gram","0.225","1 Kg + 125 Gram","-0.1125","-562.5 Gram",""
"2026-07-31","SUKA SHAWARMA DRAMAGA","Noval","crew","31/7/2026, 22.51.03","finalized","SAOS TOMAT","item core","Dus","1.0168484848484847","1 Dus + 3336 Gram","0.2796969696969697","3 Kg + 5880 Gram","0.737151515151515","+8 Kg + 13956 Gram",""
"2026-07-31","SUKA SHAWARMA DRAMAGA","Noval","crew","31/7/2026, 22.51.03","finalized","SAOS TOMAT POUCH","item core","Dus","0","0 Dus","0","0 Dus","0","0 Dus",""
"2026-07-31","SUKA SHAWARMA DRAMAGA","Noval","crew","31/7/2026, 22.51.03","finalized","SAPI","item core","Blok","7","7 Blok","2.67","2 Blok + 1 Kg + 340 Gram","4.33","+4 Blok + 660 Gram",""
"2026-07-31","SUKA SHAWARMA DRAMAGA","Noval","crew","31/7/2026, 22.51.03","finalized","SARUNG TANGAN BENING","kemasan","pack","9.32","9 pack + 0.32 Lembar","9","9 pack","0.32","+0.32 Lembar",""
"2026-07-31","SUKA SHAWARMA DRAMAGA","Noval","crew","31/7/2026, 22.51.03","finalized","STIKER","kemasan","Lembar","0","0 Lembar","0","0 Lembar","0","0 Lembar",""
"2026-07-31","SUKA SHAWARMA DRAMAGA","Noval","crew","31/7/2026, 22.51.03","finalized","TEPUNG","bumbu","Kg","2.5","2 Kg + 500 Gram","2.5","2 Kg + 500 Gram","0","0 Kg",""
"2026-07-31","SUKA SHAWARMA DRAMAGA","Noval","crew","31/7/2026, 22.51.03","finalized","TUM","item core","Kg","2.15","2 Kg + 150 Gram","1.6","1 Kg + 600 Gram","0.55","+550 Gram",""
"2026-07-31","SUKA SHAWARMA DRAMAGA","Noval","crew","31/7/2026, 22.51.03","finalized","TUTUP","minuman","Pack","4","4 Pack","4","4 Pack","0","0 Pack",""
"2026-07-31","SUKA SHAWARMA PAJAJARAN","Riyan","leader","31/7/2026, 22.54.49","finalized","AYAM","item core","Kg","8.792","8 Kg + 792 Gram","9.495","9 Kg + 495 Gram","-0.703","-703 Gram",""
"2026-07-31","SUKA SHAWARMA PAJAJARAN","Riyan","leader","31/7/2026, 22.54.49","finalized","BAWANG","bumbu","Bal","0.0339","678 Gram","0.00925","185 Gram","0.02465","+493 Gram",""
"2026-07-31","SUKA SHAWARMA PAJAJARAN","Riyan","leader","31/7/2026, 22.54.49","finalized","CUP","kemasan","Pack","2.6799999999999997","2 Pack + 17 Pcs","0.76","19 Pcs","1.9199999999999997","+1 Pack + 23 Pcs",""
"2026-07-31","SUKA SHAWARMA PAJAJARAN","Riyan","leader","31/7/2026, 22.54.49","finalized","DUS PACKING","kemasan","Pack","0","0 Pack","0","0 Pack","0","0 Pack",""
"2026-07-31","SUKA SHAWARMA PAJAJARAN","Riyan","leader","31/7/2026, 22.54.49","finalized","ES BATU","minuman","Bal","12.9","12 Bal + 18 Kg","0.952","19 Kg + 40 Gram","11.948","+11 Bal + 18 Kg + 960 Gram",""
"2026-07-31","SUKA SHAWARMA PAJAJARAN","Riyan","leader","31/7/2026, 22.54.49","finalized","FOIL","kemasan","Dus","0.9583333333333334","23 Roll","1.0331688596491229","1 Dus + 0.8 Roll","-0.0748355263157895","-1.8 Roll",""
"2026-07-31","SUKA SHAWARMA PAJAJARAN","Riyan","leader","31/7/2026, 22.54.49","finalized","GAS 3Kg","item core","tabung","2.1853333333333333","2 tabung + 556 gram","2.9816666666666665","2 tabung + 2945 gram","-0.7963333333333332","-2389 gram",""
"2026-07-31","SUKA SHAWARMA PAJAJARAN","Riyan","leader","31/7/2026, 22.54.49","finalized","KEJU","item core","Dus","1.3833333333333333","1 Dus + 9 Pack + 2 Lembar","1.4","1 Dus + 9 Pack + 6 Lembar","-0.0166666666666667","-4 Lembar",""
"2026-07-31","SUKA SHAWARMA PAJAJARAN","Riyan","leader","31/7/2026, 22.54.49","finalized","KENTANG","item core","Dus","1.935","1 Dus + 9 Kg + 350 Gram","-0.3075","-3 Kg + 75 Gram","2.2425","+2 Dus + 2 Kg + 425 Gram",""
"2026-07-31","SUKA SHAWARMA PAJAJARAN","Riyan","leader","31/7/2026, 22.54.49","finalized","KERTAS STRUK","kemasan","pack","2","2 pack","2.2","2 pack + 2 Roll","-0.2","-2 Roll",""
"2026-07-31","SUKA SHAWARMA PAJAJARAN","Riyan","leader","31/7/2026, 22.54.49","finalized","KULIT 25","item core","Pack","6.2","6 Pack + 4 Lembar","6.25","6 Pack + 5 Lembar","-0.05","-1 Lembar",""
"2026-07-31","SUKA SHAWARMA PAJAJARAN","Riyan","leader","31/7/2026, 22.54.49","finalized","KULIT 28","item core","Pack","5.15","5 Pack + 3 Lembar","5.1","5 Pack + 2 Lembar","0.05","+1 Lembar",""
"2026-07-31","SUKA SHAWARMA PAJAJARAN","Riyan","leader","31/7/2026, 22.54.49","finalized","KULIT 32","item core","Pack","0.65","13 Lembar","0.3","6 Lembar","0.35","+7 Lembar",""
"2026-07-31","SUKA SHAWARMA PAJAJARAN","Riyan","leader","31/7/2026, 22.54.49","finalized","LETTUCE","item core","kg","3.8","3 kg + 800 gram","1.815","1 kg + 815 gram","1.985","+1 kg + 985 gram",""
"2026-07-31","SUKA SHAWARMA PAJAJARAN","Riyan","leader","31/7/2026, 22.54.49","finalized","MAYONES","item core","Dus","0.5073333333333333","6 Kg + 1056 Gram","0.27","3 Kg + 2880 Gram","0.2373333333333333","+2 Kg + 10176 Gram",""
"2026-07-31","SUKA SHAWARMA PAJAJARAN","Riyan","leader","31/7/2026, 22.54.49","finalized","MINYAK","item core","kompan","0.6444444444444444","10 Kg + 311.11 Gram","0.9008333333333334","14 Kg + 413.33 Gram","-0.256388888888889","-4 Kg + 102.22 Gram",""
"2026-07-31","SUKA SHAWARMA PAJAJARAN","Riyan","leader","31/7/2026, 22.54.49","finalized","PAPER WRAP","kemasan","Ikat","4.436","4 Ikat + 4 Pack + 180 Lembar","4.036","4 Ikat + 180 Lembar","0.4","+4 Pack",""
"2026-07-31","SUKA SHAWARMA PAJAJARAN","Riyan","leader","31/7/2026, 22.54.49","finalized","PLASTIK BESAR","kemasan","Ikat","0.28","1 Pack + 20 Lembar","0.44","2 Pack + 10 Lembar","-0.16","-40 Lembar",""
"2026-07-31","SUKA SHAWARMA PAJAJARAN","Riyan","leader","31/7/2026, 22.54.49","finalized","PLASTIK KECIL","kemasan","Ikat","0","0 Ikat","0","0 Ikat","0","0 Ikat",""
"2026-07-31","SUKA SHAWARMA PAJAJARAN","Riyan","leader","31/7/2026, 22.54.49","finalized","PLASTIK MERAH","kemasan","Ikat","0.29","1 Pack + 9 Lembar","-0.44","-2 Pack + 4 Lembar","0.73","+3 Pack + 13 Lembar",""
"2026-07-31","SUKA SHAWARMA PAJAJARAN","Riyan","leader","31/7/2026, 22.54.49","finalized","PLASTIK VACUM","kemasan","Dus","0","0 Dus","0","0 Dus","0","0 Dus",""
"2026-07-31","SUKA SHAWARMA PAJAJARAN","Riyan","leader","31/7/2026, 22.54.49","finalized","POLYBAG","kemasan","Ikat","0.36","1 Pack + 4 Lembar","0.16","4 Lembar","0.2","+1 Pack",""
"2026-07-31","SUKA SHAWARMA PAJAJARAN","Riyan","leader","31/7/2026, 22.54.49","finalized","POWDER JERUK","minuman","Kg","0.776","776 Gram","9.92","9 Kg + 920 Gram","-9.144","-9 Kg + 144 Gram",""
"2026-07-31","SUKA SHAWARMA PAJAJARAN","Riyan","leader","31/7/2026, 22.54.49","finalized","POWDER TEH","minuman","Kg","0.802","802 Gram","0.755","755 Gram","0.047","+47 Gram",""
"2026-07-31","SUKA SHAWARMA PAJAJARAN","Riyan","leader","31/7/2026, 22.54.49","finalized","SAOS CABE","item core","Dus","0.4583030303030303","1 Kompan + 2062 Gram","0.33909090909090916","1 Kompan + 95 Gram","0.11921212121212114","+1967 Gram",""
"2026-07-31","SUKA SHAWARMA PAJAJARAN","Riyan","leader","31/7/2026, 22.54.49","finalized","SAOS SAMYANG","bumbu","Dus","0.3044","1 Kg + 522 Gram","0.084","420 Gram","0.2204","+1 Kg + 102 Gram",""
"2026-07-31","SUKA SHAWARMA PAJAJARAN","Riyan","leader","31/7/2026, 22.54.49","finalized","SAOS TOMAT","item core","Dus","0.7272727272727273","8 Kg + 12000 Gram","0.6906060606060606","8 Kg + 4740 Gram","0.0366666666666667","+7260 Gram",""
"2026-07-31","SUKA SHAWARMA PAJAJARAN","Riyan","leader","31/7/2026, 22.54.49","finalized","SAPI","item core","Blok","3","3 Blok","0.2525","505 Gram","2.7475","+2 Blok + 1 Kg + 495 Gram",""
"2026-07-31","SUKA SHAWARMA PAJAJARAN","Riyan","leader","31/7/2026, 22.54.49","finalized","SARUNG TANGAN BENING","kemasan","pack","6.52","6 pack + 0.52 Lembar","6.65","6 pack + 0.65 Lembar","-0.13","-0.13 Lembar",""
"2026-07-31","SUKA SHAWARMA PAJAJARAN","Riyan","leader","31/7/2026, 22.54.49","finalized","SEDOTAN","minuman","pack","0","0 pack","0","0 pack","0","0 pack",""
"2026-07-31","SUKA SHAWARMA PAJAJARAN","Riyan","leader","31/7/2026, 22.54.49","finalized","STIKER","kemasan","Lembar","0","0 Lembar","-0.02","-1.08 Pcs","0.02","+1.08 Pcs",""
"2026-07-31","SUKA SHAWARMA PAJAJARAN","Riyan","leader","31/7/2026, 22.54.49","finalized","TEPUNG","bumbu","Kg","5","5 Kg","4","4 Kg","1","+1 Kg",""
"2026-07-31","SUKA SHAWARMA PAJAJARAN","Riyan","leader","31/7/2026, 22.54.49","finalized","TUM","item core","Kg","0.378","378 Gram","-0.075","-75 Gram","0.453","+453 Gram",""
"2026-07-31","SUKA SHAWARMA PAJAJARAN","Riyan","leader","31/7/2026, 22.54.49","finalized","TUTUP","minuman","Pack","2.6799999999999997","2 Pack + 17 Pcs","2.76","2 Pack + 19 Pcs","-0.0800000000000003","-2 Pcs",""
"2026-07-31","SUKA SHAWARMA EMPANG","Abdurrahman","leader","31/7/2026, 23.04.08","finalized","AYAM","item core","Kg","12.992","12 Kg + 992 Gram","-2.33","-2 Kg + 330 Gram","15.322","+15 Kg + 322 Gram",""
"2026-07-31","SUKA SHAWARMA EMPANG","Abdurrahman","leader","31/7/2026, 23.04.08","finalized","BAWANG","bumbu","Bal","0.0733","1 Kg + 466 Gram","0.25","5 Kg","-0.1767","-3 Kg + 534 Gram",""
"2026-07-31","SUKA SHAWARMA EMPANG","Abdurrahman","leader","31/7/2026, 23.04.08","finalized","CUP","kemasan","Pack","3.2","3 Pack + 5 Pcs","3.72","3 Pack + 18 Pcs","-0.52","-13 Pcs",""
"2026-07-31","SUKA SHAWARMA EMPANG","Abdurrahman","leader","31/7/2026, 23.04.08","finalized","FOIL","kemasan","Dus","3.25","3 Dus + 6 Roll","2.941063596491228","2 Dus + 22.59 Roll","0.308936403508772","+7.41 Roll",""
"2026-07-31","SUKA SHAWARMA EMPANG","Abdurrahman","leader","31/7/2026, 23.04.08","finalized","GAS 3Kg","item core","tabung","5.1113333333333335","5 tabung + 334 gram","5.153333333333333","5 tabung + 460 gram","-0.0419999999999995","-126 gram",""
"2026-07-31","SUKA SHAWARMA EMPANG","Abdurrahman","leader","31/7/2026, 23.04.08","finalized","KEJU","item core","Dus","0.49583333333333335","11 Pack + 9 Lembar","0.4666666666666668","11 Pack + 2 Lembar","0.02916666666666655","+7 Lembar",""
"2026-07-31","SUKA SHAWARMA EMPANG","Abdurrahman","leader","31/7/2026, 23.04.08","finalized","KENTANG","item core","Dus","5","5 Dus","-6.13925","-6 Dus + 1 Kg + 392.5 Gram","11.13925","+11 Dus + 1 Kg + 392.5 Gram",""
"2026-07-31","SUKA SHAWARMA EMPANG","Abdurrahman","leader","31/7/2026, 23.04.08","finalized","KERTAS STRUK","kemasan","pack","4.1","4 pack + 1 Roll","4.5","4 pack + 5 Roll","-0.4","-4 Roll",""
"2026-07-31","SUKA SHAWARMA EMPANG","Abdurrahman","leader","31/7/2026, 23.04.08","finalized","KULIT 25","item core","Pack","12.75","12 Pack + 15 Lembar","12.6","12 Pack + 12 Lembar","0.15","+3 Lembar",""
"2026-07-31","SUKA SHAWARMA EMPANG","Abdurrahman","leader","31/7/2026, 23.04.08","finalized","KULIT 28","item core","Pack","3.5","3 Pack + 10 Lembar","3.6","3 Pack + 12 Lembar","-0.1","-2 Lembar",""
"2026-07-31","SUKA SHAWARMA EMPANG","Abdurrahman","leader","31/7/2026, 23.04.08","finalized","KULIT 32","item core","Pack","6.8","6 Pack + 16 Lembar","3.15","3 Pack + 3 Lembar","3.65","+3 Pack + 13 Lembar",""
"2026-07-31","SUKA SHAWARMA EMPANG","Abdurrahman","leader","31/7/2026, 23.04.08","finalized","LETTUCE","item core","kg","3.096","3 kg + 96 gram","4.705","4 kg + 705 gram","-1.609","-1 kg + 609 gram",""
"2026-07-31","SUKA SHAWARMA EMPANG","Abdurrahman","leader","31/7/2026, 23.04.08","finalized","MAYONES","item core","Dus","1.4583333333333333","1 Dus + 5 Kg + 6000 Gram","0.05166666666666664","7440 Gram","1.4066666666666667","+1 Dus + 4 Kg + 10560 Gram",""
"2026-07-31","SUKA SHAWARMA EMPANG","Abdurrahman","leader","31/7/2026, 23.04.08","finalized","MIE","lainnya","Dus","0.125","5 Bungkus","0.125","5 Bungkus","0","0 Dus",""
"2026-07-31","SUKA SHAWARMA EMPANG","Abdurrahman","leader","31/7/2026, 23.04.08","finalized","MINYAK","item core","kompan","1.0555555555555556","1 kompan + 888.89 Gram","-0.38166666666666665","-6 Kg + 106.67 Gram","1.4372222222222222","+1 kompan + 6 Kg + 995.56 Gram",""
"2026-07-31","SUKA SHAWARMA EMPANG","Abdurrahman","leader","31/7/2026, 23.04.08","finalized","PAPER WRAP","kemasan","Ikat","0.96","9 Pack + 300 Lembar","0.736","7 Pack + 180 Lembar","0.224","+2 Pack + 120 Lembar",""
"2026-07-31","SUKA SHAWARMA EMPANG","Abdurrahman","leader","31/7/2026, 23.04.08","finalized","PLASTIK BESAR","kemasan","Ikat","0","0 Ikat","0.528","2 Pack + 32 Lembar","-0.528","-2 Pack + 32 Lembar",""
"2026-07-31","SUKA SHAWARMA EMPANG","Abdurrahman","leader","31/7/2026, 23.04.08","finalized","PLASTIK KECIL","kemasan","Ikat","0.68","3 Pack + 20 Lembar","0.588","2 Pack + 47 Lembar","0.092","+23 Lembar",""
"2026-07-31","SUKA SHAWARMA EMPANG","Abdurrahman","leader","31/7/2026, 23.04.08","finalized","PLASTIK MERAH","kemasan","Ikat","0.42","2 Pack + 2 Lembar","-2.17","-2 Ikat + 17 Lembar","2.59","+2 Ikat + 2 Pack + 19 Lembar",""
"2026-07-31","SUKA SHAWARMA EMPANG","Abdurrahman","leader","31/7/2026, 23.04.08","finalized","POLYBAG","kemasan","Ikat","0.88","4 Pack + 2 Lembar","0.8","4 Pack","0.08","+2 Lembar",""
"2026-07-31","SUKA SHAWARMA EMPANG","Abdurrahman","leader","31/7/2026, 23.04.08","finalized","POWDER JERUK","minuman","Kg","0.612","612 Gram","0.574","574 Gram","0.038","+38 Gram",""
"2026-07-31","SUKA SHAWARMA EMPANG","Abdurrahman","leader","31/7/2026, 23.04.08","finalized","POWDER TEH","minuman","Kg","0.744","744 Gram","0.746","746 Gram","-0.002","-2 Gram",""
"2026-07-31","SUKA SHAWARMA EMPANG","Abdurrahman","leader","31/7/2026, 23.04.08","finalized","SABUN","lainnya","pcs","0","0 pcs","0.1","0.1 Ml","-0.1","-0.1 Ml",""
"2026-07-31","SUKA SHAWARMA EMPANG","Abdurrahman","leader","31/7/2026, 23.04.08","finalized","SAOS CABE","item core","Dus","2","2 Dus","0.3072727272727272","5070 Gram","1.6927272727272729","+1 Dus + 2 Kompan + 430 Gram",""
"2026-07-31","SUKA SHAWARMA EMPANG","Abdurrahman","leader","31/7/2026, 23.04.08","finalized","SAOS SAMYANG","bumbu","Dus","0.025","125 Gram","0.003250000000000002","16.25 Gram","0.02175","+108.75 Gram",""
"2026-07-31","SUKA SHAWARMA EMPANG","Abdurrahman","leader","31/7/2026, 23.04.08","finalized","SAOS TOMAT","item core","Dus","0.3333333333333333","4 Kg","0.24666666666666673","2 Kg + 15840 Gram","0.08666666666666657","+1 Kg + 660 Gram",""
"2026-07-31","SUKA SHAWARMA EMPANG","Abdurrahman","leader","31/7/2026, 23.04.08","finalized","SAOS TOMAT POUCH","item core","Dus","5","5 Dus","0","0 Dus","5","+5 Dus",""
"2026-07-31","SUKA SHAWARMA EMPANG","Abdurrahman","leader","31/7/2026, 23.04.08","finalized","SAPI","item core","Blok","0.166","332 Gram","-4.7025","-4 Blok + 1 Kg + 405 Gram","4.8685","+4 Blok + 1 Kg + 737 Gram",""
"2026-07-31","SUKA SHAWARMA EMPANG","Abdurrahman","leader","31/7/2026, 23.04.08","finalized","SARUNG TANGAN BENING","kemasan","pack","8.5","8 pack + 0.5 Lembar","9.11","9 pack + 0.11 Lembar","-0.61","-0.61 Lembar",""
"2026-07-31","SUKA SHAWARMA EMPANG","Abdurrahman","leader","31/7/2026, 23.04.08","finalized","SEDOTAN","minuman","pack","80","80 pack","87","87 pack","-7","-7 pack",""
"2026-07-31","SUKA SHAWARMA EMPANG","Abdurrahman","leader","31/7/2026, 23.04.08","finalized","STIKER","kemasan","Lembar","4.15","4 Lembar + 8.1 Pcs","1.03","1 Lembar + 1.62 Pcs","3.12","+3 Lembar + 6.48 Pcs",""
"2026-07-31","SUKA SHAWARMA EMPANG","Abdurrahman","leader","31/7/2026, 23.04.08","finalized","TEPUNG","bumbu","Kg","3.892","3 Kg + 892 Gram","4.3","4 Kg + 300 Gram","-0.408","-408 Gram",""
"2026-07-31","SUKA SHAWARMA EMPANG","Abdurrahman","leader","31/7/2026, 23.04.08","finalized","TUM","item core","Kg","0.676","676 Gram","-0.0350000000000001","-35 Gram","0.7110000000000001","+711 Gram",""
"2026-07-31","SUKA SHAWARMA EMPANG","Abdurrahman","leader","31/7/2026, 23.04.08","finalized","TUTUP","minuman","Pack","2.2","2 Pack + 5 Pcs","2.96","2 Pack + 24 Pcs","-0.76","-19 Pcs",""
"2026-07-31","MITRA CICURUG","Algi","crew","31/7/2026, 23.10.46","finalized","AYAM","item core","Kg","17.8","17 Kg + 800 Gram","25","25 Kg","-7.2","-7 Kg + 200 Gram",""
"2026-07-31","MITRA CICURUG","Algi","crew","31/7/2026, 23.10.46","finalized","BAWANG","bumbu","Bal","0.0471","942 Gram","0.055","1 Kg + 100 Gram","-0.0079","-158 Gram",""
"2026-07-31","MITRA CICURUG","Algi","crew","31/7/2026, 23.10.46","finalized","Cling Wrap","Lain-lain","Dus","0","0 Dus","0","0 Dus","0","0 Dus",""
"2026-07-31","MITRA CICURUG","Algi","crew","31/7/2026, 23.10.46","finalized","CUP","kemasan","Pack","3.48","3 Pack + 12 Pcs","7.52","7 Pack + 13 Pcs","-4.04","-4 Pack + 1 Pcs",""
"2026-07-31","MITRA CICURUG","Algi","crew","31/7/2026, 23.10.46","finalized","DUS PACKING","kemasan","Pack","0","0 Pack","0","0 Pack","0","0 Pack",""
"2026-07-31","MITRA CICURUG","Algi","crew","31/7/2026, 23.10.46","finalized","ES BATU","minuman","Bal","0.21","4 Kg + 200 Gram","0.356","7 Kg + 120 Gram","-0.146","-2 Kg + 920 Gram",""
"2026-07-31","MITRA CICURUG","Algi","crew","31/7/2026, 23.10.46","finalized","FOIL","kemasan","Dus","0.6666666666666666","16 Roll","1.125","1 Dus + 3 Roll","-0.4583333333333334","-11 Roll",""
"2026-07-31","MITRA CICURUG","Algi","crew","31/7/2026, 23.10.46","finalized","GAS 3Kg","item core","tabung","1.8333333333333335","1 tabung + 2500 gram","2","2 tabung","-0.1666666666666665","-500 gram",""
"2026-07-31","MITRA CICURUG","Algi","crew","31/7/2026, 23.10.46","finalized","KEJU","item core","Dus","0.35","8 Pack + 4 Lembar","0.4166666666666667","10 Pack","-0.0666666666666667","-1 Pack + 6 Lembar",""
"2026-07-31","MITRA CICURUG","Algi","crew","31/7/2026, 23.10.46","finalized","KENTANG","item core","Dus","2.75","2 Dus + 7 Kg + 500 Gram","14","14 Dus","-11.25","-11 Dus + 2 Kg + 500 Gram",""
"2026-07-31","MITRA CICURUG","Algi","crew","31/7/2026, 23.10.46","finalized","KERTAS STRUK","kemasan","pack","5.3","5 pack + 3 Roll","5.6","5 pack + 6 Roll","-0.3","-3 Roll",""
"2026-07-31","MITRA CICURUG","Algi","crew","31/7/2026, 23.10.46","finalized","KULIT 25","item core","Pack","16.15","16 Pack + 3 Lembar","20.85","20 Pack + 17 Lembar","-4.7","-4 Pack + 14 Lembar",""
"2026-07-31","MITRA CICURUG","Algi","crew","31/7/2026, 23.10.46","finalized","KULIT 28","item core","Pack","15","15 Pack","17.2","17 Pack + 4 Lembar","-2.2","-2 Pack + 4 Lembar",""
"2026-07-31","MITRA CICURUG","Algi","crew","31/7/2026, 23.10.46","finalized","KULIT 32","item core","Pack","7.15","7 Pack + 3 Lembar","9.5","9 Pack + 10 Lembar","-2.35","-2 Pack + 7 Lembar",""
"2026-07-31","MITRA CICURUG","Algi","crew","31/7/2026, 23.10.46","finalized","LETTUCE","item core","kg","0","0 kg","15","15 kg","-15","-15 kg",""
"2026-07-31","MITRA CICURUG","Algi","crew","31/7/2026, 23.10.46","finalized","MAYONES","item core","Dus","0","0 Dus","0.5","6 Kg","-0.5","-6 Kg",""
"2026-07-31","MITRA CICURUG","Algi","crew","31/7/2026, 23.10.46","finalized","MIE","lainnya","Dus","0.025","1 Bungkus","0","0 Dus","0.025","+1 Bungkus",""
"2026-07-31","MITRA CICURUG","Algi","crew","31/7/2026, 23.10.46","finalized","MINYAK","item core","kompan","0","0 kompan","0","0 kompan","0","0 kompan",""
"2026-07-31","MITRA CICURUG","Algi","crew","31/7/2026, 23.10.46","finalized","PAPER WRAP","kemasan","Ikat","0.268","2 Pack + 340 Lembar","1.22","1 Ikat + 2 Pack + 100 Lembar","-0.952","-9 Pack + 260 Lembar",""
"2026-07-31","MITRA CICURUG","Algi","crew","31/7/2026, 23.10.46","finalized","PLASTIK BESAR","kemasan","Ikat","0.52","2 Pack + 30 Lembar","0.248","1 Pack + 12 Lembar","0.272","+1 Pack + 18 Lembar",""
"2026-07-31","MITRA CICURUG","Algi","crew","31/7/2026, 23.10.46","finalized","PLASTIK KECIL","kemasan","Ikat","0","0 Ikat","0","0 Ikat","0","0 Ikat",""
"2026-07-31","MITRA CICURUG","Algi","crew","31/7/2026, 23.10.46","finalized","PLASTIK MERAH","kemasan","Ikat","0.87","4 Pack + 7 Lembar","0.6","3 Pack","0.27","+1 Pack + 7 Lembar",""
"2026-07-31","MITRA CICURUG","Algi","crew","31/7/2026, 23.10.46","finalized","PLASTIK VACUM","kemasan","Dus","0","0 Dus","0","0 Dus","0","0 Dus",""
"2026-07-31","MITRA CICURUG","Algi","crew","31/7/2026, 23.10.46","finalized","PLASTIK VACUUM JUMBO","Lain-lain","Dus","0","0 Dus","0","0 Dus","0","0 Dus",""
"2026-07-31","MITRA CICURUG","Algi","crew","31/7/2026, 23.10.46","finalized","POLYBAG","kemasan","Ikat","0.2","1 Pack","0","0 Ikat","0.2","+1 Pack",""
"2026-07-31","MITRA CICURUG","Algi","crew","31/7/2026, 23.10.46","finalized","POWDER JERUK","minuman","Kg","1.268","1 Kg + 268 Gram","1.2","1 Kg + 200 Gram","0.068","+68 Gram",""
"2026-07-31","MITRA CICURUG","Algi","crew","31/7/2026, 23.10.46","finalized","POWDER TEH","minuman","Kg","1.284","1 Kg + 284 Gram","1.3","1 Kg + 300 Gram","-0.016","-16 Gram",""
"2026-07-31","MITRA CICURUG","Algi","crew","31/7/2026, 23.10.46","finalized","SABUN","lainnya","pcs","0.776","0.78 Ml","2","2 pcs","-1.224","-1 pcs + 0.22 Ml",""
"2026-07-31","MITRA CICURUG","Algi","crew","31/7/2026, 23.10.46","finalized","SAOS CABE","item core","Dus","1.893939393939394","1 Dus + 2 Kompan + 3750 Gram","1","1 Dus","0.893939393939394","+2 Kompan + 3750 Gram",""
"2026-07-31","MITRA CICURUG","Algi","crew","31/7/2026, 23.10.46","finalized","SAOS CABE POUCH","item core","Dus","0","0 Dus","0","0 Dus","0","0 Dus",""
"2026-07-31","MITRA CICURUG","Algi","crew","31/7/2026, 23.10.46","finalized","SAOS SAMYANG","bumbu","Dus","0.2","1 Kg","0.2","1 Kg","0","0 Dus",""
"2026-07-31","MITRA CICURUG","Algi","crew","31/7/2026, 23.10.46","finalized","SAOS TOMAT","item core","Dus","0","0 Dus","0","0 Dus","0","0 Dus",""
"2026-07-31","MITRA CICURUG","Algi","crew","31/7/2026, 23.10.46","finalized","SAOS TOMAT POUCH","item core","Dus","0","0 Dus","0","0 Dus","0","0 Dus",""
"2026-07-31","MITRA CICURUG","Algi","crew","31/7/2026, 23.10.46","finalized","SAPI","item core","Blok","5.5","5 Blok + 1 Kg","8.5","8 Blok + 1 Kg","-3","-3 Blok",""
"2026-07-31","MITRA CICURUG","Algi","crew","31/7/2026, 23.10.46","finalized","SARUNG TANGAN BENING","kemasan","pack","5.23","5 pack + 0.23 Lembar","6","6 pack","-0.77","-0.77 Lembar",""
"2026-07-31","MITRA CICURUG","Algi","crew","31/7/2026, 23.10.46","finalized","SEDOTAN","minuman","pack","0","0 pack","0","0 pack","0","0 pack",""
"2026-07-31","MITRA CICURUG","Algi","crew","31/7/2026, 23.10.46","finalized","STIKER","kemasan","Lembar","0","0 Lembar","0","0 Lembar","0","0 Lembar",""
"2026-07-31","MITRA CICURUG","Algi","crew","31/7/2026, 23.10.46","finalized","TEPUNG","bumbu","Kg","6.458","6 Kg + 458 Gram","8.5","8 Kg + 500 Gram","-2.042","-2 Kg + 42 Gram",""
"2026-07-31","MITRA CICURUG","Algi","crew","31/7/2026, 23.10.46","finalized","TUM","item core","Kg","2.378","2 Kg + 378 Gram","2.1","2 Kg + 100 Gram","0.278","+278 Gram",""
"2026-07-31","MITRA CICURUG","Algi","crew","31/7/2026, 23.10.46","finalized","TUTUP","minuman","Pack","2.6799999999999997","2 Pack + 17 Pcs","62","62 Pack","-59.32","-59 Pack + 8 Pcs",""
"2026-07-31","MITRA CIBINONG","Daud","crew","31/7/2026, 23.28.53","finalized","AYAM","item core","Kg","12","12 Kg","14.194","14 Kg + 194 Gram","-2.194","-2 Kg + 194 Gram",""
"2026-07-31","MITRA CIBINONG","Daud","crew","31/7/2026, 23.28.53","finalized","BAWANG","bumbu","Bal","0.0467","934 Gram","0.05","1 Kg","-0.0033","-66 Gram",""
"2026-07-31","MITRA CIBINONG","Daud","crew","31/7/2026, 23.28.53","finalized","Cling Wrap","Lain-lain","Dus","0.1","2.4 Roll","0","0 Dus","0.1","+2.4 Roll",""
"2026-07-31","MITRA CIBINONG","Daud","crew","31/7/2026, 23.28.53","finalized","CUP","kemasan","Pack","3.08","3 Pack + 2 Pcs","1.2","1 Pack + 5 Pcs","1.88","+1 Pack + 22 Pcs",""
"2026-07-31","MITRA CIBINONG","Daud","crew","31/7/2026, 23.28.53","finalized","DUS PACKING","kemasan","Pack","0","0 Pack","0","0 Pack","0","0 Pack",""
"2026-07-31","MITRA CIBINONG","Daud","crew","31/7/2026, 23.28.53","finalized","ES BATU","minuman","Bal","2.396","2 Bal + 7 Kg + 920 Gram","-0.032","-640 Gram","2.428","+2 Bal + 8 Kg + 560 Gram",""
"2026-07-31","MITRA CIBINONG","Daud","crew","31/7/2026, 23.28.53","finalized","FOIL","kemasan","Dus","1.5553728070175439","1 Dus + 13.33 Roll","1.681469298245614","1 Dus + 16.36 Roll","-0.1260964912280701","-3.03 Roll",""
"2026-07-31","MITRA CIBINONG","Daud","crew","31/7/2026, 23.28.53","finalized","GAS 3Kg","item core","tabung","4.214","4 tabung + 642 gram","-2.1616666666666666","-2 tabung + 485 gram","6.375666666666667","+6 tabung + 1127 gram",""
"2026-07-31","MITRA CIBINONG","Daud","crew","31/7/2026, 23.28.53","finalized","KEJU","item core","Dus","0.15","3 Pack + 6 Lembar","0.16250000000000003","3 Pack + 9 Lembar","-0.01250000000000003","-3 Lembar",""
"2026-07-31","MITRA CIBINONG","Daud","crew","31/7/2026, 23.28.53","finalized","KENTANG","item core","Dus","2","2 Dus","-0.8515","-8 Kg + 515 Gram","2.8515","+2 Dus + 8 Kg + 515 Gram",""
"2026-07-31","MITRA CIBINONG","Daud","crew","31/7/2026, 23.28.53","finalized","KERTAS STRUK","kemasan","pack","3","3 pack","3.5","3 pack + 5 Roll","-0.5","-5 Roll",""
"2026-07-31","MITRA CIBINONG","Daud","crew","31/7/2026, 23.28.53","finalized","KULIT 25","item core","Pack","15","15 Pack","13.6","13 Pack + 12 Lembar","1.4","+1 Pack + 8 Lembar",""
"2026-07-31","MITRA CIBINONG","Daud","crew","31/7/2026, 23.28.53","finalized","KULIT 28","item core","Pack","11.3","11 Pack + 6 Lembar","13.2","13 Pack + 4 Lembar","-1.9","-1 Pack + 18 Lembar",""
"2026-07-31","MITRA CIBINONG","Daud","crew","31/7/2026, 23.28.53","finalized","KULIT 32","item core","Pack","10.5","10 Pack + 10 Lembar","10.05","10 Pack + 1 Lembar","0.45","+9 Lembar",""
"2026-07-31","MITRA CIBINONG","Daud","crew","31/7/2026, 23.28.53","finalized","LETTUCE","item core","kg","3.372","3 kg + 372 gram","-13.67","-13 kg + 670 gram","17.042","+17 kg + 42 gram",""
"2026-07-31","MITRA CIBINONG","Daud","crew","31/7/2026, 23.28.53","finalized","MAYONES","item core","Dus","5","5 Dus","3.3233333333333337","3 Dus + 3 Kg + 10560 Gram","1.6766666666666663","+1 Dus + 8 Kg + 1440 Gram",""
"2026-07-31","MITRA CIBINONG","Daud","crew","31/7/2026, 23.28.53","finalized","MIE","lainnya","Dus","0.05","2 Bungkus","0","0 Dus","0.05","+2 Bungkus",""
"2026-07-31","MITRA CIBINONG","Daud","crew","31/7/2026, 23.28.53","finalized","MINYAK","item core","kompan","0.7635555555555555","12 Kg + 216.89 Gram","0.7902777777777779","12 Kg + 644.44 Gram","-0.0267222222222224","-427.56 Gram",""
"2026-07-31","MITRA CIBINONG","Daud","crew","31/7/2026, 23.28.53","finalized","PLASTIK BESAR","kemasan","Ikat","3","3 Ikat","3.8","3 Ikat + 4 Pack","-0.8","-4 Pack",""
"2026-07-31","MITRA CIBINONG","Daud","crew","31/7/2026, 23.28.53","finalized","PLASTIK KECIL","kemasan","Ikat","0","0 Ikat","0","0 Ikat","0","0 Ikat",""
"2026-07-31","MITRA CIBINONG","Daud","crew","31/7/2026, 23.28.53","finalized","PLASTIK MERAH","kemasan","Ikat","0.4","2 Pack","-0.91","-4 Pack + 11 Lembar","1.31","+1 Ikat + 1 Pack + 11 Lembar",""
"2026-07-31","MITRA CIBINONG","Daud","crew","31/7/2026, 23.28.53","finalized","PLASTIK VACUM","kemasan","Dus","0","0 Dus","0","0 Dus","0","0 Dus",""
"2026-07-31","MITRA CIBINONG","Daud","crew","31/7/2026, 23.28.53","finalized","PLASTIK VACUUM JUMBO","Lain-lain","Dus","0","0 Dus","0","0 Dus","0","0 Dus",""
"2026-07-31","MITRA CIBINONG","Daud","crew","31/7/2026, 23.28.53","finalized","POLYBAG","kemasan","Ikat","0.2","1 Pack","0.56","2 Pack + 4 Lembar","-0.36","-1 Pack + 4 Lembar",""
"2026-07-31","MITRA CIBINONG","Daud","crew","31/7/2026, 23.28.53","finalized","POWDER JERUK","minuman","Kg","0.596","596 Gram","0.455","455 Gram","0.141","+141 Gram",""
"2026-07-31","MITRA CIBINONG","Daud","crew","31/7/2026, 23.28.53","finalized","POWDER TEH","minuman","Kg","0.378","378 Gram","0.553","553 Gram","-0.175","-175 Gram",""
"2026-07-31","MITRA CIBINONG","Daud","crew","31/7/2026, 23.28.53","finalized","SABUN","lainnya","pcs","1","1 pcs","0","0 pcs","1","+1 pcs",""
"2026-07-31","MITRA CIBINONG","Daud","crew","31/7/2026, 23.28.53","finalized","SAOS CABE","item core","Dus","1.3333333333333333","1 Dus + 1 Kompan","1.463030303030303","1 Dus + 1 Kompan + 2140 Gram","-0.1296969696969697","-2140 Gram",""
"2026-07-31","MITRA CIBINONG","Daud","crew","31/7/2026, 23.28.53","finalized","SAOS CABE POUCH","item core","Dus","0","0 Dus","0","0 Dus","0","0 Dus",""
"2026-07-31","MITRA CIBINONG","Daud","crew","31/7/2026, 23.28.53","finalized","SAOS SAMYANG","bumbu","Dus","0.0125","62.5 Gram","0.0081","40.5 Gram","0.0044","+22 Gram",""
"2026-07-31","MITRA CIBINONG","Daud","crew","31/7/2026, 23.28.53","finalized","SAOS TOMAT","item core","Dus","0.6909090909090909","8 Kg + 4800 Gram","0.48727272727272725","5 Kg + 13980 Gram","0.20363636363636364","+2 Kg + 7320 Gram",""
"2026-07-31","MITRA CIBINONG","Daud","crew","31/7/2026, 23.28.53","finalized","SAOS TOMAT POUCH","item core","Dus","0","0 Dus","0","0 Dus","0","0 Dus",""
"2026-07-31","MITRA CIBINONG","Daud","crew","31/7/2026, 23.28.53","finalized","SAPI","item core","Blok","3.818","3 Blok + 1 Kg + 636 Gram","4.525","4 Blok + 1 Kg + 50 Gram","-0.707","-1 Kg + 414 Gram",""
"2026-07-31","MITRA CIBINONG","Daud","crew","31/7/2026, 23.28.53","finalized","SARUNG TANGAN BENING","kemasan","pack","6","6 pack","10","10 pack","-4","-4 pack",""
"2026-07-31","MITRA CIBINONG","Daud","crew","31/7/2026, 23.28.53","finalized","SEDOTAN","minuman","pack","0","0 pack","0","0 pack","0","0 pack",""
"2026-07-31","MITRA CIBINONG","Daud","crew","31/7/2026, 23.28.53","finalized","STIKER","kemasan","Lembar","0","0 Lembar","-0.02","-1.08 Pcs","0.02","+1.08 Pcs",""
"2026-07-31","MITRA CIBINONG","Daud","crew","31/7/2026, 23.28.53","finalized","TEPUNG","bumbu","Kg","3.372","3 Kg + 372 Gram","3.6","3 Kg + 600 Gram","-0.228","-228 Gram",""
"2026-07-31","MITRA CIBINONG","Daud","crew","31/7/2026, 23.28.53","finalized","TUM","item core","Kg","1.444","1 Kg + 444 Gram","1.07","1 Kg + 70 Gram","0.374","+374 Gram",""
"2026-07-31","MITRA CIBINONG","Daud","crew","31/7/2026, 23.28.53","finalized","TUTUP","minuman","Pack","3.08","3 Pack + 2 Pcs","3.2","3 Pack + 5 Pcs","-0.12","-3 Pcs",""